img_name,img_height,img_width,mask_label,mask_points
1_0BouU3Rq2Qg5qkUeswES0vG7AVkNMMUl.jpg,3120,4160,Mouth1,"1134.82,14.64;663.40,573.50;221.10,1234.50;449.60,1783.60;1008.47,2186.97;1008.47,2186.97;1727.72,2551.46;2495.57,2658.37;2762.86,2357.07;2772.58,1905.10;2850.34,1594.08;2806.60,1472.58;2845.48,568.65;2913.51,19.50"
1_0EM598r1MiAg7GsO3uGMw5VSRIhg1kpx.jpg,4160,3120,Mouth1,"14.64,595.87;520.06,479.23;1103.23,608.83;1543.86,1179.05;1841.93,1729.83;1997.44,1885.34;1919.68,2345.40;1738.25,2565.71;1556.82,3006.34;1440.18,3356.24;986.60,3848.70;520.06,4017.18;27.60,4088.46"
1_0N3JMpGB2hALivDQRTsYJsy1wUQCyuRr.jpg,4096,3072,Mouth1,"307.68,38.44;205.60,1493.09;384.24,3368.83;639.44,4070.64;3057.49,4070.64;3057.49,12.92"
1_0PBjaVr0fogBtxJxzLm7Icz6c0G6YGtA.jpg,3120,4160,Mouth1,"2519.87,24.36;3049.59,806.79;3807.72,1871.08;3574.45,2872.21;3360.62,3105.48;17.07,3090.90;12.21,14.64"
1_0S4nt2AwPxHSpAW1zzr5VwVZKmulr4Bp.jpg,4160,3120,Mouth1,"649.65,531.07;1414.26,531.07;2263.10,1321.60;2463.98,2105.65;2243.70,2773.10;1258.75,3252.57;442.30,3174.81;196.07,2818.42;209.03,1937.18;53.51,1204.97;254.39,712.50"
1_0SLlIRnTkYtAfoBWTyJr8dS7dvL5a5bK.jpg,4160,3120,Mouth1,"14.64,12.69;14.64,3181.29;1129.15,3855.18;2191.83,3997.74;2995.32,3641.35;3111.96,3479.36;3099.00,1386.40;2755.57,893.94;2729.65,12.69"
1_0VnJ2gilUfrK2wrPtrUcz8oTjotSYAMl.jpg,4096,3072,Mouth1,"256.60,32.10;141.80,1512.23;486.32,3636.80;849.98,4077.02;3051.11,4089.78;3057.49,19.30"
1_0ZLPqz252KSdhX4x7GF9ZPPrQF8GYOR0.jpg,4160,3120,Mouth1,"27.59,822.66;267.35,1677.99;53.51,2500.92;27.60,3881.10;403.42,4140.29;1504.98,4133.81;1945.60,4069.02;2716.69,2423.16;2651.89,978.17;2386.22,32.13;8.16,12.69"
1_0dpjylz1Fino4VcoDyg9fOZ3vsOSALL4.jpg,3120,4160,Mouth1,"11.57,2324.65;254.63,1230.90;648.15,455.44;1278.93,50.35;2783.56,38.77;3472.22,507.52;3831.02,1259.84;4074.07,2295.72;4155.09,2764.47;4155.09,3105.90;11.57,3105.90"
1_1KQv1PIo59G90JDVKjgx91yjzXwbrNSZ.jpg,4096,3072,Mouth1,"2757.62,32.06;2336.54,1875.90;2151.52,3311.41;1883.55,3923.90;1692.15,4077.02;7.82,4064.26;20.58,19.30"
1_1P5jTpdWxkeRNe1ZA0h1W2wTYqLq6jlv.jpg,4096,3072,Mouth1,"524.60,19.30;116.28,555.23;141.80,1352.73;141.80,2284.22;58.86,3266.75;326.82,4045.12;3057.49,4064.26;3063.87,12.92"
1_2B7zf1HncJ4T4PIJAKzuu4RQtG6VMneJ.jpg,4096,3072,Mouth1,"26.96,204.32;326.82,12.92;703.24,12.92;1468.85,236.22;2068.58,472.28;2572.60,1314.45;2693.82,1614.32;2578.98,2475.62;2234.46,2820.15;1992.02,3158.29;1462.47,3426.25;1462.47,3426.25;869.12,3324.17;314.06,3151.91;20.58,3043.45"
1_2Fq00rhS4aFVycDFkPaKKrunslUrBBTQ.jpg,4096,3072,Mouth1,"2349.30,12.92;2298.26,886.99;2285.50,1467.57;2547.08,2233.18;3025.59,2896.71;3070.25,3164.67;3000.06,3604.89;2789.52,3981.32;2655.54,4070.64;1290.21,4089.78;448.04,3789.92;14.20,3381.59;20.58,12.92"
1_2Z5KDMpj49XVzrn1JVHsXSWtgP15BAin.jpg,4160,3120,Mouth1,"928.30,1477.10;1297.63,1464.16;1893.76,1684.47;2172.39,1859.42;2230.71,2047.33;1822.49,2468.52;1582.74,2656.43;1025.48,2701.79;682.10,2066.80;688.50,1749.30"
1_3C406XVwWVdB2gI7iDMlkVZk1hHbZTe1.jpg,4160,3120,Mouth1,"1.68,1703.91;209.03,1179.05;798.69,965.22;1193.95,997.61;1751.21,1619.67;2152.95,2254.69;2107.60,2611.07;2172.39,2811.94;2146.47,3148.89;1997.44,3395.12;1712.33,3479.36;1122.67,3544.16;578.37,3414.56;189.59,3284.97;34.07,3019.30"
1_3IeiVkFehQ9VToUirCCWyXkQcV2pgsP6.jpg,3120,4160,Mouth1,"2123.59,981.53;2386.02,573.31;2886.58,223.40;3440.60,228.26;3984.90,466.39;4145.27,660.79;4145.27,2424.90;3843.96,2585.27;3464.90,2594.99;3144.15,2468.64;2672.75,1866.02;2395.74,1559.85"
1_3MMGfuxWj92RKxZIFVkii4lpi9NjeZid.jpg,4096,3072,Mouth1,"1810.61,1205.78;2187.04,1033.52;2608.12,1129.22;3010.06,1397.19;3072.00,1638.73;3072.00,2048.98;3067.49,3024.10;2480.52,3464.33;1574.55,3789.71;955.69,3840.75;700.48,3783.33;375.10,3496.23;228.36,3311.20;891.88,1996.91"
1_3d3sUNZcGwVywsNac2iJoc0uTmp03qSV.jpg,4160,3120,Mouth1,"302.62,1172.85;723.80,524.87;1015.39,162.01;1319.94,142.57;1319.94,142.57;1695.76,388.80;2175.26,894.22;2499.30,1918.00;2602.93,2928.86;2285.40,3570.40;1760.56,3907.30;1287.54,4127.61;723.80,4004.50;432.21,3635.15;347.98,3226.93;347.98,2864.06;108.22,2028.17"
1_3qc2tNw9zSjiwC4fCMMadRN4yt1wmPaQ.jpg,4160,3120,Mouth1,"17.51,686.87;432.21,38.89;3101.87,25.93;3101.87,732.22;2680.69,1496.84;2427.98,2131.85;2460.37,2559.51;2609.41,3019.58;2816.76,3311.17;2881.56,3576.84;2395.58,4140.57;11.03,4147.05"
1_4jKsMxzTBAdgzkgsGR7U3Io0e2ssffFi.jpg,4096,3072,Mouth1,"11.44,427.42;241.12,114.79;1485.23,248.77;2116.86,663.48;2691.06,1346.14;3016.45,1907.59;3061.11,2130.89;3061.11,2130.89;3061.11,2583.88;2754.86,3087.90;2754.86,3087.90;2282.74,3560.03;1676.63,3910.93;1191.75,4064.05;815.32,4013.01;815.32,4013.01;528.22,3687.63;451.66,3272.92;445.28,3094.28;317.68,3024.10;132.66,2092.61;158.18,1658.77;19.10,1348.80;19.10,1233.00"
1_5WqCG4L3Bx6DufifMxz7wBLWf8T6JrAl.jpg,4096,3072,Mouth1,"75.24,2500.94;253.88,2175.55;592.02,1901.21;1000.35,1748.09;1223.65,1811.89;1491.61,1843.79;1880.80,1990.50;2231.70,2194.69;2499.66,2609.40;2161.52,3004.96;1434.19,3298.44;885.50,3362.24;509.08,3253.78;145.42,2864.60"
011319877673_1_left.jpg,1032,774,Mouth1,"3.55,522.44;38.91,419.56;82.31,274.89;141.79,139.86;225.38,16.09;262.35,1.62;725.30,8.05;770.31,46.63;771.92,440.46;751.02,544.95;751.02,544.95;739.77,655.86;723.70,781.24;624.03,877.69;431.14,877.69;241.45,824.65;112.86,718.55;9.98,596.38"
011319877673_1_right.jpg,1032,774,Mouth1,"34.09,417.96;38.91,286.14;83.92,138.25;193.23,24.12;342.72,3.23;495.44,8.05;598.31,88.42;669.04,217.02;678.69,385.81;648.15,501.54;561.34,615.67;434.35,702.48;262.35,710.52;104.82,575.49"
025145455822_1_left.jpg,4160,3120,Mouth1,"21.12,12.69;2237.19,32.13;2191.83,297.80;2101.12,939.30;1932.64,1490.07;1932.64,1515.99;1822.49,2325.96;1803.05,2708.27;1705.85,3148.89;1349.46,3518.24;785.73,3667.27;150.71,3589.51;8.16,3537.68"
035581113357_1_left.jpg,3264,2448,Mouth1,"21.75,503.22;225.12,269.35;626.76,152.42;1358.87,325.27;1846.95,757.42;1928.30,1047.22;1872.37,1372.60;1730.02,1692.90;1485.98,1926.77;1485.98,1926.77;1424.97,1967.44;1424.97,1967.44;1770.69,1108.23;1770.69,1108.23;1775.77,1042.13;1724.93,1052.30;1292.78,1972.53;916.56,1942.02;479.32,1718.32;169.19,1413.27;159.02,1398.02;11.59,1214.99"
037550143299_1_bottom.jpg,4160,1920,Mouth1,"114.42,893.94;153.30,401.48;619.84,90.45;1177.10,64.53;1177.10,64.53;1689.00,116.37;1889.88,284.84;1889.88,284.84;1915.79,1509.51;1915.79,1509.51;1481.65,1256.80;1475.17,1256.80;1196.54,1179.05;1183.58,1179.05;982.71,1204.97;982.71,1204.97;1092.87,1464.16;1501.09,1768.70;1501.09,1768.70;1838.04,2060.29;1682.52,2293.56;1287.26,2449.08;762.40,2364.84;717.04,2338.92;328.26,1827.02;127.38,1308.64"
055884005064_1_bottom.jpg,4160,3120,Mouth1,"669.09,19.17;630.21,356.12;591.33,706.03;630.21,1146.65;908.84,1645.59;1375.38,1891.82;2049.28,1904.78;2334.39,1697.43;2515.82,1159.61;2664.85,654.19;2645.41,58.05;2548.22,12.69;2548.22,12.69"
056758865020_1_left.jpg,4160,3120,Mouth1,"435.82,1431.76;591.33,1094.81;915.32,537.55;928.28,531.07;1317.07,252.44;1945.60,200.60;2366.79,297.80;2768.53,764.34;2736.13,1308.64;2463.98,1256.80;2347.35,1366.96;2340.87,1379.92;2327.91,1658.55;2535.26,1839.98;2645.41,1878.86;2645.41,1878.86;2567.66,2196.37;2152.95,2539.79;2055.76,2539.79;1330.03,2475.00;746.85,2313.00;746.85,2313.00;520.06,1904.78"
065840191068_1_bottom.jpg,4160,3120,Mouth1,"520.06,1639.11;552.45,1075.37;857.00,608.83;882.92,582.91;1271.71,401.48;1861.36,498.67;2178.87,874.50;2178.87,900.42;2334.39,1354.00;2327.91,2034.37;2211.27,2494.44;1965.04,2786.03;1388.34,2837.86;798.69,2611.07;513.58,2060.29"
065840191068_1_left.jpg,4160,3120,Mouth1,"377.50,861.54;707.97,498.67;1142.11,64.53;1550.34,12.69;2314.95,38.61;2593.58,19.17;3008.28,356.12;3120.00,778.17;3120.00,863.11;3086.04,1321.60;2969.40,1703.91;2282.55,2163.97;1492.02,2241.73;720.93,2183.41;299.74,1852.94;630.21,1729.83;779.25,1541.91;811.65,1302.16;727.41,1030.01;507.10,978.17"
065840191068_1_others.jpg,4160,3120,Mouth1,"707.97,1088.33;811.65,556.99;1174.51,122.85;1446.66,19.17;2256.63,12.69;2541.74,226.52;2749.09,660.67;2794.45,1120.73;2749.09,1703.91;2749.09,1703.91;2463.98,2274.12;2256.63,2559.23;1887.28,2669.39;1368.90,2520.36;1038.44,2222.29;759.81,1755.74;701.49,1315.12"
066524358940_1_others.jpg,4160,1920,Mouth1,"4.27,887.46;179.22,472.75;386.57,135.81;555.05,45.09;1345.58,32.13;1708.44,388.52;1896.36,939.30;1896.36,939.30;1889.88,2351.88;1682.52,2487.96;1261.34,2624.03;1228.94,2624.03;678.16,2604.59;224.58,2449.08;30.19,2313.00"
068176939157_1_left.jpg,1600,1200,Mouth1,"137.60,949.56;189.94,655.48;287.13,363.89;334.50,296.60;401.78,204.39;618.60,104.70;937.60,132.12;1074.67,286.64;1176.85,495.98;1179.35,757.66;1151.93,1009.38;1089.63,1383.21;1004.89,1540.22;950.06,1585.08;950.06,1585.08;386.82,1592.55;312.06,1520.28;214.86,1300.97;140.09,1061.71"
070269272802_1_left.jpg,4160,3120,Mouth1,"241.43,32.13;241.43,32.13;332.14,544.03;409.90,1237.36;286.79,1794.62;539.50,2300.04;1070.84,2494.44;1893.76,2500.92;1913.20,2500.92;2664.85,2241.73;3086.04,1904.78;3086.04,1904.78;3105.48,12.69"
079739991149_1_left.jpg,4160,1920,Mouth1,"4.27,1068.89;224.58,608.83;477.29,19.17;1779.72,19.17;1902.84,135.81;1902.84,2863.78;1449.25,3097.05;924.39,3122.97;490.25,2863.78;334.70,2526.80;263.50,2403.70;49.63,1904.78;360.65,1801.10;522.65,1412.32;444.89,1185.53;153.30,1107.77"
096179443672_1_left.jpg,4160,1920,Mouth1,"23.71,602.35;438.41,271.88;1222.46,77.49;1857.48,284.84;1909.31,375.56;1915.79,1282.72;1663.08,1328.08;1578.85,1535.43;1624.21,1878.86;1902.84,2060.29;1818.60,2624.03;1676.04,3110.01;1676.04,3110.01;1449.25,3336.80;801.28,3485.84;205.10,3194.20;23.71,3064.65"
098866653909_1_others2.jpg,4160,3120,Mouth1,"468.22,1425.28;630.21,965.22;1031.96,608.83;1783.61,427.40;2250.15,472.75;2431.58,686.59;2392.70,984.65;2237.19,1302.16;2152.95,1457.68;2314.95,1457.68;2431.58,1438.24;2554.70,1574.31;2554.70,1574.31;2438.06,1781.66;2314.95,1943.66;2250.15,1995.50;2250.15,1995.50;2314.95,2202.85;2366.79,2416.68;2256.63,2636.99;1841.93,2695.31;1355.94,2520.36;837.56,2008.45;494.14,1645.59"
098866653909_1_top.jpg,4160,3120,Mouth1,"364.54,1943.66;533.00,1425.30;662.60,1166.10;844.04,848.58;1414.26,660.67;1738.25,790.26;1965.04,693.07;2703.73,991.13;2988.84,1464.16;2995.32,1470.64;3092.52,1976.06;3092.52,2539.79;2852.77,2902.66;2327.91,2941.54;2204.79,2980.42;2055.76,3135.93;1602.17,3122.97;1304.11,3103.53;1155.07,2896.18;1155.07,2896.18;934.76,2805.46;597.81,2630.51;448.78,2572.19;455.26,2572.19"
102842243584_1_left.jpg,4160,3120,Mouth1,"474.70,1464.16;507.10,945.78;707.97,330.20;707.97,330.20;941.24,90.45;2496.38,32.13;2800.93,284.84;2859.25,783.78;2949.96,1172.57;2995.32,1334.56;2723.17,1308.64;2593.58,1347.52;2496.38,1613.19;2587.10,1872.38;2742.61,1995.50;2749.09,1995.50;2775.01,2118.61;2619.50,2274.12;2386.22,2611.07;2127.03,2811.94;1375.38,2896.18;1064.36,2760.11;746.85,2338.92;545.98,1742.79"
103840480503_1_others.jpg,4160,3120,Mouth1,"27.59,12.69;34.07,1075.37;34.07,1075.37;124.79,1658.55;247.91,2377.80;474.70,3097.05;1103.23,3252.57;1777.13,3122.97;2256.63,2786.03;2574.14,2287.08;2736.13,1379.92;2723.17,563.47;2638.93,38.61"
113789057686_1_left.jpg,4160,3120,Mouth1,"234.95,1859.42;610.80,1302.20;967.16,1049.45;1673.45,764.34;2386.22,693.07;2813.89,893.94;2956.44,1522.47;2956.44,1859.42;2768.53,1872.38;2625.98,2066.77;2625.98,2066.77;2587.10,2364.84;2794.45,2636.99;2723.17,2922.10;2613.02,3284.97;2405.66,3531.20;1926.16,3602.47;1064.36,3330.32;571.89,2578.67;286.79,2131.57"
130938912737_1_left.jpg,4160,3120,Mouth1,"753.33,1697.43;895.88,893.94;1414.26,382.04;2204.79,90.45;2522.30,19.17;2736.13,401.48;2930.52,880.98;3040.68,1198.49;3047.16,1289.20;2826.85,1263.28;2671.33,1315.12;2600.06,1496.55;2593.58,1710.39;2658.37,1839.98;2820.37,1904.78;3047.16,2034.37;3118.44,2066.77;3034.20,2338.92;2852.77,2533.31;2567.66,2779.55;2178.87,2798.98;1556.82,2649.95;1556.82,2630.51;967.16,2241.73;753.33,2053.81"
130938912737_1_others2.jpg,4160,3120,Mouth1,"1168.03,1399.36;1064.36,1153.13;1070.84,1153.13;1038.44,919.86;1206.91,505.15;1634.57,511.63;2016.88,628.27;2321.43,978.17;2327.91,991.13;2379.74,1431.76;2379.74,1438.24;2399.18,1911.26;2276.07,2325.96;1712.33,2656.43;1349.46,2708.27;1342.98,2708.27;980.12,2656.43;889.40,2319.48;980.12,1989.02;980.12,1989.02;857.00,1891.82;753.33,1827.02;772.77,1580.79;902.36,1438.24;1057.88,1438.24"
131247372431_1_left.jpg,4160,3120,Mouth1,"47.03,2034.37;383.98,1431.76;863.48,1030.01;1336.50,868.02;1945.60,868.02;2327.91,932.82;2515.82,874.50;2762.05,868.02;2749.09,1075.37;2548.22,1269.76;2541.74,1567.83;2645.41,1794.62;2690.77,1885.34;3008.28,1904.78;3073.08,1943.66;3118.44,3265.53;2898.12,3472.88;2438.06,3537.68;1556.82,3583.03;1096.75,3375.68;591.33,3122.97;578.37,3116.49;286.79,2935.06;131.27,2630.51"
131409498788_1_left.jpg,4160,3120,Mouth1,"157.19,1801.10;299.74,1230.88;565.41,874.50;1019.00,634.75;1064.36,615.31;1576.26,479.23;2314.95,550.51;2723.17,764.34;3008.28,1204.97;3111.96,1483.60;3111.96,2163.97;2949.96,2261.17;2716.69,2338.92;2489.90,2500.92;2431.58,2636.99;2211.27,2708.27;1841.93,2662.91;1401.30,2578.67;1006.04,2662.91;882.92,2701.79;831.08,2507.40;545.98,2215.81;260.87,1976.06"
137791417388_1_bottom.jpg,4160,3120,Mouth1,"332.14,1496.55;520.06,1023.53;740.37,453.31;1129.15,142.29;1148.59,116.37;1530.90,38.61;2081.68,90.45;2489.90,459.79;2613.02,978.17;2762.05,1554.87;2703.73,1878.86;2314.95,2040.85;1971.52,2254.69;1854.88,2423.16;1485.54,2390.76;1317.07,2034.37;1044.92,1801.10;526.54,1515.99;526.54,1515.99"
137791417388_1_others.jpg,4160,3120,Mouth1,"27.60,213.56;539.50,122.85;895.88,45.09;1297.63,19.17;1900.24,109.89;2295.51,336.68;2703.73,615.31;3027.72,809.70;3066.60,887.46;2541.74,1062.41;2412.14,1438.24;2638.93,1768.70;2930.52,1833.50;2930.52,1833.50;3086.04,1976.06;3086.04,1982.54;3086.04,2248.21;2962.92,2701.79;2820.37,3051.69;2593.58,3414.56;2574.14,3459.92;2301.99,3777.43;1744.73,3894.06;824.60,3822.79;468.22,3699.67;47.03,3304.41"
153335597462_1_right.jpg,4160,3120,Mouth1,"215.51,38.61;286.79,518.11;377.50,1010.57;448.78,1580.79;513.58,1976.06;792.21,2027.89;1031.96,2021.41;1330.03,2131.57;1479.06,2215.81;1530.90,2552.75;1498.50,2701.79;1219.87,2876.74;1368.90,2896.18;1589.22,2837.86;1803.05,2682.35;1854.88,2591.63;1854.88,2300.04;1861.36,2293.56;2016.88,2170.45;2366.79,2092.69;2425.10,2092.69;2593.58,2099.17;2781.49,2105.65;2995.32,1606.71;3105.48,1282.72;3111.96,19.17"
161394464117_1_bottom.jpg,4160,1920,Mouth1,"19.40,604.90;17.23,25.65;43.10,38.60;1902.84,19.17;1896.36,3408.08;1585.33,3459.92;1138.22,3446.96;645.76,3278.49;308.82,2967.46;23.71,2500.92;19.40,841.40"
165208139498_1_bottom.jpg,4160,3120,Mouth1,"714.45,2358.36;889.40,1852.94;1103.23,1179.05;1504.98,505.15;1945.60,407.96;2392.70,323.72;2762.05,595.87;2891.65,1036.49;2852.77,1451.20;2716.69,1898.30;2619.50,2287.08;2431.58,2708.27;2256.63,3006.34;2127.03,2798.98;1816.01,2578.67;1556.82,2546.27;1388.34,2682.35;1193.95,2377.80;954.20,2293.56;954.20,2293.56;695.01,2487.96"
165208139498_1_others.jpg,4160,3120,Mouth1,"500.62,2001.98;643.17,1127.21;1064.36,693.07;1692.89,582.91;2016.88,550.51;2405.66,1017.05;2515.82,1328.08;2509.34,1399.36;1278.19,1295.68;1278.19,1295.68;1168.03,1295.68;1057.88,1412.32;986.60,1639.11;954.20,1788.14;2392.70,2034.37;2399.18,2254.69;2399.18,2261.17;2366.79,2520.36;2185.35,2883.22;1816.01,3071.13;1342.98,3045.22;1317.07,3045.22;1031.96,2837.86;630.21,2377.80"
167392725307_1_bottom.jpg,3264,2448,Mouth1,"11.58,2938.51;230.20,3238.47;2055.40,3248.64;2431.62,2480.94;2431.62,15.14;1.42,30.40"
178209658122_1_left.jpg,4160,3120,Mouth1,"124.79,1911.26;526.54,1230.88;1031.96,634.75;1090.27,595.87;1783.61,349.64;2224.23,362.60;2645.41,790.26;2787.97,1386.40;2898.12,2034.37;2496.38,1956.62;2327.91,2008.45;2204.79,2215.81;2178.87,2462.04;2340.87,2688.83;2347.35,2682.35;2625.98,2850.82;2788.00,2909.10;2522.30,3064.70;1271.71,2915.62;753.33,2630.51;228.47,2215.81"
189027113150_1_others.jpg,3264,2448,Mouth1,"448.82,1265.84;545.42,721.84;687.77,101.57;779.29,15.14;2360.45,15.14;2436.71,121.91;2436.71,2399.59;2294.35,2567.37;2009.64,2750.40;1669.01,2775.82;1013.16,2663.97;713.19,2394.51;530.16,1657.31"
194695592159_1_others.jpg,4160,3120,Mouth1,"27.59,245.96;390.46,220.04;1012.52,96.93;1038.44,96.93;1479.06,142.29;2075.20,291.32;2522.30,686.59;2930.52,1554.87;3053.64,2287.08;3066.60,2773.07;2988.84,3291.45;2690.77,3848.70;2438.06,4120.85;345.10,4127.33;837.56,3926.46;1330.03,3751.51;1479.06,3745.03;1887.28,3615.43;1997.44,3265.53;1764.17,2954.50;1407.78,2786.03;1012.52,2708.27;468.22,2708.27;34.07,2721.23"
201621813327_1_bottom.jpg,4160,3120,Mouth1,"520.06,1425.28;520.06,893.94;591.33,336.68;727.41,19.17;2263.11,38.61;2263.11,38.61;2379.74,323.72;2438.06,783.78;2392.70,1282.72;2360.31,1917.74;2308.47,2338.92;2282.55,2773.07;2250.15,2863.78;1589.22,1723.35;1589.22,1723.35;1485.54,1606.71;1297.63,1574.31;1193.95,1606.71;1219.87,1768.70;1686.41,3097.05;1394.82,3045.22;1044.92,2688.83;597.81,1749.26"
241880885941_1_right.jpg,4160,3120,Mouth1,"1.68,2980.42;286.79,3323.84;831.08,3570.07;1498.50,3563.60;2036.32,3304.41;2334.39,3019.30;2671.33,2287.08;2846.29,1794.62;2956.44,608.83;2956.44,25.65;14.64,32.13"
242717878291_1_left.jpg,1600,1200,Mouth1,"10.50,518.41;10.50,518.41;199.91,226.82;199.91,226.82;317.04,82.27;446.64,24.95;449.13,24.95;643.52,17.48;915.17,34.92;1062.21,134.61;1107.07,286.64;1102.09,416.23;1042.27,605.64;987.45,847.38;962.52,1094.11;917.66,1271.06;810.50,1403.15;541.34,1485.39;269.69,1485.39;15.48,1323.40"
249558416933_1_bottom.jpg,4160,3120,Mouth1,"571.89,1334.56;766.29,868.02;869.96,505.15;1103.23,349.64;1103.23,349.64;1764.17,356.12;2152.95,485.71;2327.91,764.34;2327.91,764.34;2412.14,1211.45;2360.31,1483.60;2327.91,1515.99;1660.49,1321.60;1582.74,1334.56;1576.26,1412.32;2282.55,1645.59;2282.55,1645.59;2152.95,1801.10;1718.81,1885.34;1245.79,1781.66;818.12,1729.83;649.65,1509.51"
249558416933_1_others.jpg,4160,3120,Mouth1,"390.46,1684.47;371.02,1172.57;383.98,1153.13;714.45,660.67;753.33,634.75;1284.67,531.07;1822.49,472.75;2457.50,634.75;2645.41,997.61;2710.21,1541.91;2671.33,1878.86;2593.58,2429.64;2593.58,2442.60;2476.94,2727.71;1867.84,2883.22;1349.46,2863.78;785.73,2721.23;409.90,2138.05"
257243639877_1_others.jpg,3264,2448,Mouth1,"2029.98,20.23;2167.25,599.82;2340.11,1220.08;2258.76,2064.04;2116.41,2897.84;2116.41,2897.84;1948.63,3238.47;21.75,3238.47;21.75,3238.47;6.50,20.23"
260117792651_1_left.jpg,4160,3120,Mouth1,"545.98,1626.15;850.52,978.17;1317.07,693.07;1731.77,485.71;2483.42,563.47;2768.53,764.34;2904.60,1321.60;2962.92,1626.15;2962.92,1626.15;2671.33,1567.83;2671.33,1567.83;2541.74,1580.79;2438.06,1814.06;2438.06,2047.33;2619.50,2274.12;2736.13,2345.40;2742.61,2345.40;2645.41,2604.59;2548.22,2922.10;2289.03,3187.77;1407.78,3174.81;915.32,2883.22;669.09,2487.96"
272377072033_1_left.jpg,4160,3120,Mouth1,"1.68,1341.04;558.93,712.50;1031.96,382.04;1705.85,90.45;2360.31,148.77;2593.58,550.51;2593.58,809.70;2438.06,1023.53;2366.79,1217.93;2276.07,1360.48;2178.87,1457.68;2049.28,1710.39;2010.40,2008.45;2036.32,2170.45;2250.15,2235.25;2256.63,2235.25;2321.43,2241.73;2321.43,2241.73;2386.22,2449.08;2476.94,2798.98;2502.86,3110.01;2334.39,3511.76;1608.65,3589.51;1103.23,3537.68;1064.36,3511.76;338.62,3220.17;27.60,2948.02"
334032616199_1_bottom.jpg,4160,3120,Mouth1,"79.43,38.61;150.71,550.51;176.63,1120.73;189.59,1820.54;260.87,2351.88;824.60,2811.94;1517.94,2766.59;2334.39,2449.08;2353.83,2449.08;2865.73,1904.78;3099.00,1671.51;3086.04,38.61"
335012856986_1_left.jpg,1600,1200,Mouth1,"179.97,834.92;351.93,426.20;546.32,284.14;548.82,284.14;847.88,191.93;1166.88,274.17;1196.79,341.46;1194.30,545.83;1194.30,545.83;1141.96,638.04;1077.16,795.05;1064.70,902.21;1087.13,1024.33;1124.52,1148.94;1124.52,1148.94;1151.93,1228.69;1127.01,1335.86;1064.70,1440.53;1064.70,1440.53;932.62,1492.87;753.18,1542.71;526.39,1500.34;359.41,1390.68;199.91,1049.25"
358386669513_1_left.jpg,4160,3120,Mouth1,"740.37,1023.53;1407.78,304.28;1414.26,304.28;1874.32,96.93;2243.67,96.93;2664.85,271.88;2800.93,595.87;2619.50,971.69;2619.50,971.69;2541.74,1386.40;2541.74,1386.40;2334.39,1613.19;2023.36,1995.50;1634.57,2196.37;1129.15,2118.61;1116.19,2112.13;688.53,1671.51"
358386669513_1_right.jpg,4160,3120,Mouth1,"844.04,1412.32;902.36,1794.62;1116.19,2112.13;1790.09,2131.57;2094.64,1930.70;2211.27,1626.15;2211.27,1626.15;2237.19,1302.16;1990.96,1133.69;1990.96,1133.69;1893.76,971.69;1887.28,971.69;1893.76,790.26;1952.08,680.11;1952.08,680.11;2282.55,699.55;2165.91,556.99;1932.64,479.23;1582.74,453.31;1206.91,427.40;986.60,440.36;818.12,563.47;792.21,667.15;986.60,602.35;1142.11,615.31;1271.71,718.98;1271.71,718.98;1291.15,861.54;1239.31,1055.93;1239.31,1055.93"
384489566725_1_left.jpg,4160,1920,Mouth1,"23.71,420.92;393.05,19.17;1889.88,38.61;1889.88,1153.13;1753.80,1263.28;1708.44,1464.16;1779.72,1768.70;1883.40,1917.74;1799.16,2105.65;1799.16,2105.65;1760.28,2429.64;1695.48,2824.90;1572.37,3148.89;1261.34,3362.72;853.12,3375.68;853.12,3375.68;457.85,3200.73;23.71,2915.62"
386117547652_1_others.jpg,4160,3120,Mouth1,"14.64,174.69;98.87,38.61;2911.08,32.13;2911.08,32.13;3086.04,284.84;3086.04,284.84;3099.00,2818.42;2846.29,3090.57;2379.74,3317.36;1712.33,3446.96;818.12,3356.24;27.60,2993.38"
413197962065_1_left.jpg,4160,3120,Mouth1,"345.10,1412.32;487.66,926.34;824.60,304.28;1193.95,64.53;2165.91,51.57;2165.91,51.57;2561.18,330.20;2794.45,893.94;2962.92,1373.44;2619.50,1328.08;2405.66,1379.92;2308.47,1652.07;2379.74,1898.30;2561.18,2086.21;2638.93,2131.57;2535.26,2403.72;2360.31,2624.03;1971.52,2850.82;1660.49,2857.30;1206.91,2656.43;695.01,2338.92;377.50,1807.58"
427627611516_1_bottom.jpg,1600,1200,Mouth1,"259.72,670.44;304.58,421.21;389.31,221.84;501.46,117.16;750.68,64.83;965.02,82.27;1131.99,176.98;1191.81,291.62;1184.33,1368.26;1184.33,1368.26;1067.20,1445.51;882.77,1497.85;695.86,1497.85;484.02,1420.59;309.56,1163.89;237.29,844.89"
427627611516_1_left.jpg,1600,1200,Mouth1,"177.48,732.74;247.26,550.81;436.67,234.30;730.75,144.58;947.57,124.64;1146.95,194.42;1191.81,241.78;1191.81,802.52;1156.92,924.64;1127.01,1109.07;1077.16,1288.50;1032.30,1370.75;783.08,1430.56;623.58,1440.53;429.19,1330.87;274.67,1074.17;189.94,912.18;189.94,912.18"
427627611516_1_others2.jpg,1600,1200,Mouth1,"120.16,677.91;105.20,530.87;105.20,411.30;120.16,331.49;239.78,54.86;239.78,54.86;292.12,14.98;292.12,14.98;935.11,22.46;1037.29,94.73;1074.67,234.30;1124.52,433.68;1166.88,593.18;1164.39,782.59;1164.39,782.59;1151.93,1014.36;1127.01,1136.48;1127.01,1136.48;955.05,1261.09;655.98,1340.84;489.00,1330.87;354.42,1263.58;217.35,1104.08;217.35,1104.08;170.00,962.02;170.00,962.02;85.26,949.56;60.34,812.49;112.68,710.31"
432028053554_1_right.jpg,4160,3120,Mouth1,"578.37,524.59;740.37,1204.97;986.60,1561.35;1725.29,1846.46;2276.07,1904.78;2651.89,1742.79;2813.89,1179.05;2878.69,693.07;2878.69,686.59;2891.65,556.99;2716.69,446.84;2710.21,427.40;2412.14,265.40;2250.15,200.60;2269.59,32.13;1135.63,64.53;869.96,148.77;746.85,278.36;695.01,446.84"
433246286198_1_left.jpg,4160,1920,Mouth1,"17.23,608.83;211.62,330.20;211.62,330.20;496.73,116.37;496.73,116.37;652.24,58.05;963.27,71.01;1144.70,187.64;1429.81,278.36;1585.33,699.55;1585.33,699.55;1831.56,1230.88;1870.44,1561.35;1494.61,1464.16;1416.85,1457.68;1345.58,1574.31;1365.02,1703.91;1365.02,1703.91;1390.93,1820.54;1481.65,1911.26;1637.17,1976.06;1637.17,1976.06;1857.48,2138.05;1889.88,2189.89;1682.52,2254.69;1235.42,2358.36;853.12,2390.76;853.12,2390.76;464.33,2189.89;36.67,1749.26"
433279954307_1_left.jpg,3264,2448,Mouth1,"16.67,10.06;21.75,2404.68;220.03,2735.14;550.50,3019.85;941.98,3213.05;941.98,3213.05;1557.16,3202.88;1907.96,2953.76;2187.59,2653.80;2380.78,2267.41;2441.79,2125.05;2416.37,1804.75;2085.90,1616.64;1928.30,1372.60;1948.63,1072.64;1948.63,1072.64;2085.90,904.86;2304.52,889.61;2426.54,955.70;2421.45,30.40"
458725543228_1_left.jpg,4160,1920,Mouth1,"315.30,1846.50;464.30,1522.50;814.24,816.18;814.24,816.18;1151.18,453.31;1572.37,323.72;1851.00,472.75;1902.84,641.23;1909.31,1483.60;1740.84,1619.67;1701.96,1878.86;1779.72,2040.85;1902.84,2073.25;1902.84,2073.25;1883.40,3226.65;1883.40,3226.65;1669.56,3369.20;1319.66,3537.68;820.72,3362.72;814.24,3362.72;438.41,2948.02;231.06,2649.95;205.14,2293.56"
467627772170_1_left.jpg,4160,3120,Mouth1,"79.43,712.50;79.43,712.50;221.99,1185.53;526.54,1282.72;526.54,1282.72;792.21,1464.16;844.04,1710.39;675.57,2066.77;455.26,2125.09;455.26,2125.09;254.39,2228.77;377.50,2475.00;377.50,2721.23;377.50,2721.23;260.87,3317.36;358.06,3868.14;358.06,3868.14;526.54,4107.89;2567.66,4107.89;3021.24,3693.19;3111.96,3531.20;3092.52,12.69;14.64,12.69;14.64,12.69;27.60,608.83"
471579109246_1_bottom.jpg,4160,3120,Mouth1,"306.22,2306.52;390.46,1263.28;662.61,693.07;1368.90,45.09;1368.90,45.09;2949.96,45.09;3086.04,207.08;3092.52,2313.00;2956.44,2643.47;2865.73,3006.34;2749.09,3388.64;2412.14,3796.87;2127.03,3861.66;1414.26,3822.79;895.88,3589.51;429.34,3051.69"
482761552670_1_bottom.jpg,4160,3120,Mouth1,"27.59,382.04;533.02,142.29;993.08,187.64;1790.09,297.80;2729.65,220.04;3092.52,595.87;3079.56,3323.84;2775.01,3544.16;2476.94,3829.26;2230.71,3939.42;1809.53,4036.62;1317.07,4101.41;753.33,3926.46;338.62,3615.43;47.03,3259.05"
482761552670_1_left.jpg,4160,3120,Mouth1,"40.55,550.51;40.55,550.51;338.62,213.56;999.56,77.49;1654.01,32.13;2146.47,245.96;2470.46,531.07;2548.22,997.61;2541.74,1405.84;2340.87,1755.74;2152.95,1846.46;2068.72,2053.81;2081.68,2345.40;2081.68,2345.40;2483.42,2507.40;2690.77,2889.70;2697.25,2896.18;2749.09,3323.84;2671.33,3803.35;2373.26,4094.93;2373.26,4094.93;1090.27,4081.98;234.95,3855.18;40.55,3693.19"
482761552670_1_top.jpg,4160,3120,Mouth1,"79.43,932.82;59.99,1665.03;338.62,2811.94;338.62,2811.94;1381.86,2993.38;2386.22,2922.10;3092.52,2604.59;3066.60,868.02;2619.50,511.63;2172.39,271.88;1854.88,116.37;1569.78,116.37;1219.87,38.61;1219.87,38.61;1336.50,375.56;1297.63,537.55;1219.87,822.66;960.68,978.17;597.81,1042.97;351.58,997.61"
485421444050_1_left.jpg,4160,3120,Mouth1,"688.53,1645.59;850.52,945.78;1381.86,589.39;1990.96,505.15;2684.29,790.26;2742.61,1217.93;2671.33,1626.15;2671.33,1626.15;2671.33,1807.58;2438.06,1852.94;2438.06,1852.94;2360.31,2073.25;2386.22,2280.60;2386.22,2280.60;2522.30,2442.60;2412.14,2837.86;2412.14,2837.86;2425.10,2954.50;2425.10,2960.98;2282.55,3291.45;1893.76,3446.96;1479.06,3414.56;1479.06,3414.56;908.84,2993.38;675.57,2112.13"
497739806167_3_others.jpg,4160,3120,Mouth1,"21.12,3434.00;215.51,3544.16;669.09,3693.19;1368.90,3803.35;2146.47,3673.75;2638.93,3349.76;3086.04,2714.75;3105.48,38.61;3105.48,38.61;14.64,19.17"
504078756384_1_left.jpg,4160,1920,Mouth1,"0.00,548.61;315.30,278.36;749.44,90.45;1144.70,77.49;1779.72,122.85;1896.36,142.29;1889.88,2293.56;1889.88,2293.56;1799.16,2429.64;1578.85,2701.79;1131.74,2870.26;723.52,2857.30;723.52,2857.30;153.30,2734.19;23.71,2656.43;0.00,730.23"
525956350027_1_left.jpg,4160,3120,Mouth1,"27.59,32.13;21.12,2397.24;772.77,2740.67;1479.06,3103.53;2528.78,3349.76;3086.04,3310.88;3079.56,19.17;3079.56,19.17"
525956350027_1_others2.jpg,4160,3120,Mouth1,"494.14,1839.98;1044.92,997.61;1906.72,420.92;2619.50,226.52;2762.05,304.28;2710.21,602.35;2638.93,699.55;2483.42,868.02;2075.20,1217.93;1816.01,1652.07;1816.01,1710.39;2198.31,1852.94;2483.42,2014.93;2677.81,2274.12;2723.17,2423.16;2593.58,2649.95;2334.39,2708.27;2379.74,2993.38;2327.91,3304.41;2172.39,3608.95;1699.37,3595.99;1168.03,3375.68;520.06,2727.71;455.26,2241.73"
525956350027_1_top.jpg,4160,3120,Mouth1,"209.03,2416.68;241.43,1956.62;254.39,1438.24;558.93,634.75;1031.96,12.69;2826.85,19.17;3099.00,278.36;3086.04,2915.62;2684.29,3019.30;2347.35,3161.85;2204.79,3297.93;2107.60,3505.28;2127.03,3654.31;1634.57,3563.60;1388.30,3524.70;1148.60,3479.40;980.12,3414.56;980.12,3414.56;850.52,2967.46;520.06,2611.07"
533948819040_1_left.jpg,4160,3120,Mouth1,"27.59,1515.99;435.82,731.94;863.48,194.12;1142.11,19.17;2658.37,64.53;2703.73,310.76;2703.73,310.76;2671.33,621.79;2580.62,1004.09;2412.14,1230.88;2431.58,1956.62;2431.58,1956.62;2502.86,2423.16;2716.69,2747.15;2664.85,3291.45;2664.85,3291.45;2541.74,3602.47;2198.31,3745.03;1414.26,3751.51;513.58,3459.92;40.55,2883.22"
533948819040_1_others.jpg,4160,3120,Mouth1,"150.70,2332.40;228.50,1755.80;319.18,1354.00;772.77,835.62;785.73,822.66;1161.55,770.82;1168.03,770.82;1576.26,783.78;2010.40,809.70;2431.58,1133.69;2852.77,1846.46;2859.25,1846.46;2988.84,2475.00;2988.84,2870.26;2800.93,3550.64;2800.93,3550.64;2645.41,4004.22;2451.02,4120.85;2451.02,4120.85;1064.36,4133.81;623.73,3868.14;234.95,3278.49;131.27,2714.75"
544492290815_1_left.jpg,4160,3120,Mouth1,"474.70,32.13;442.30,271.88;623.73,939.30;727.41,1444.72;727.41,1444.72;993.08,2319.48;993.08,2319.48;1304.10,2488.00;1576.30,2500.90;1965.04,2397.24;2392.70,1775.18;2561.18,1204.97;2081.68,38.61"
578228356092_1_right.jpg,4160,3120,Mouth1,"118.31,790.26;131.27,1302.16;403.42,2228.77;895.88,2611.07;1155.07,2747.15;1615.13,2662.91;2159.43,2753.63;2755.57,2442.60;3014.76,1937.18;3014.76,1937.18;2898.12,1723.35;2898.12,1716.87;2969.40,1483.60;2962.92,1334.56;2962.92,1334.56;2768.53,1101.29;2787.97,874.50;2924.04,822.66;3008.28,693.07;2852.77,556.99;2606.54,479.23;1887.28,239.48;1284.67,12.69;1161.55,90.45;1161.55,90.45;960.68,297.80;882.92,556.99;772.77,738.42;772.77,738.42;442.30,868.02;442.30,868.02"
597119268272_1_bottom.jpg,4160,3120,Mouth1,"461.74,1639.11;461.74,1639.11;461.74,1101.29;461.74,1094.81;558.93,556.99;565.41,550.51;1044.92,220.04;1349.46,148.77;1349.46,148.77;1504.98,239.48;1504.98,239.48;1738.25,168.21;2062.24,304.28;2457.50,738.42;2489.90,1425.28;2438.06,1781.66;2438.06,1781.66;2373.26,2014.93;2373.26,2014.93;2327.91,2300.04;2256.63,2526.84;2075.20,2805.46;1634.57,2863.78;1634.57,2863.78;973.64,2844.34;507.10,2293.56;520.06,2267.65"
603217010344_1_top.jpg,4160,3120,Mouth1,"494.14,1204.97;895.88,1068.89;1453.14,1146.65;2042.80,1269.76;2230.71,1366.96;2230.71,1366.96;2165.91,1639.11;2165.91,1652.07;2263.11,2014.93;2263.11,2014.93;2554.70,1982.54;2865.73,1898.30;3040.68,2183.41;3079.56,2636.99;2794.45,2980.42;2094.64,3084.09;947.72,3174.81;481.18,2889.70;157.19,2163.97;176.63,2034.37;176.63,2034.37;785.73,1911.26;850.52,1690.95;850.52,1677.99;766.29,1444.72"
614328655352_1_left.jpg,4160,1920,Mouth1,"23.71,1185.53;23.71,1185.53;470.81,706.03;1008.63,291.32;1656.60,38.61;1656.60,38.61;1902.84,38.61;1902.84,38.61;1902.84,3097.05;1902.84,3097.05;1779.72,3317.36;1527.01,3537.68;898.47,3485.84;503.21,3246.09;23.71,2753.63"
614328655352_1_top.jpg,4160,1920,Mouth1,"43.15,375.56;289.38,220.04;749.44,336.68;1034.55,213.56;1565.89,472.75;1902.84,712.50;1876.92,2189.89;1876.92,2189.89;1656.60,2300.04;1488.13,2267.65;1287.26,2248.21;1105.83,2462.04;1079.91,2578.67;1079.91,2578.67;775.36,2552.75;483.77,2578.67;321.78,2364.84;36.67,2267.65"
648277103112_1_top.jpg,4160,3120,Mouth1,"1.68,1302.16;8.16,51.57;2237.19,64.53;2515.82,809.70;2554.70,1373.44;2554.70,1379.92;2489.90,1846.46;2412.14,1807.58;2198.31,1619.67;2191.83,1619.67;2016.88,1593.75;1990.96,1639.11;1990.96,1639.11;2101.12,1833.50;2412.14,2138.05;2405.66,2325.96;2127.03,2636.99;1401.30,2883.22;934.76,2870.26;675.57,2403.72;312.70,1898.30;79.50,1425.30"
650914549599_1_bottom.jpg,4160,3120,Mouth1,"27.59,1030.01;766.29,427.40;1686.41,667.15;1686.41,680.11;2463.98,537.55;3047.16,809.70;3079.56,3511.76;3066.60,3518.24;2697.25,4107.89;280.31,4094.93;27.60,3557.12"
650914549599_1_left.jpg,4160,3120,Mouth1,"27.60,45.09;27.60,3654.31;623.73,4088.46;2256.63,4133.81;2256.63,4133.81;2716.69,3732.07;2775.01,3155.37;2463.98,2313.00;2463.98,2293.56;2366.79,1768.70;2541.74,991.13;2755.60,608.80;2846.30,317.20;2872.21,71.01;2872.21,71.01"
651775727529_1_others.jpg,3264,2448,Mouth1,"11.58,2506.36;11.58,2506.36;245.45,2801.24;769.12,3121.54;1791.02,3141.87;2213.01,2669.05;2213.01,2669.05;2436.71,1997.95;2421.45,25.31;21.75,10.06;21.75,10.06"
657247984127_1_bottom.jpg,4160,3120,Mouth1,"312.70,1522.47;520.06,725.46;1090.27,129.33;2139.99,96.93;2891.65,459.79;3086.04,770.82;2949.96,2027.89;2956.44,2027.89;2755.57,2481.48;2755.57,2481.48;2690.80,2915.60;2295.50,3304.40;1317.10,3233.10;474.70,2662.91;474.70,2662.91;345.10,2189.89"
666889452012_1_left.jpg,4160,3120,Mouth1,"27.59,608.83;27.59,608.83;643.17,109.89;1375.38,64.53;1854.90,116.40;2295.51,297.80;2295.51,297.80;2820.37,1075.37;2775.01,1412.32;2775.01,1412.32;2574.14,1541.91;2418.62,1723.35;2438.06,1982.54;2658.37,2112.13;2710.21,2235.25;2710.21,2241.73;2684.29,2902.66;2509.34,3142.41;2509.34,3142.41;1997.44,3278.49;1122.67,3408.08;47.03,3019.30"
673888755841_1_left.jpg,4160,3120,Mouth1,"442.30,1626.15;701.49,556.99;1394.82,109.89;1550.34,12.69;1550.34,12.69;2988.84,25.65;2988.84,25.65;3111.96,226.52;3111.96,226.52;2962.92,1127.21;2651.89,1762.22;2548.22,2215.81;2580.62,2611.07;2489.90,2915.62;1841.93,3174.81;1349.46,3045.22;701.49,2708.27"
677575295844_1_top.jpg,4160,1920,Mouth1,"49.63,395.00;399.53,304.28;755.92,297.80;1520.53,349.64;1753.80,829.14;1902.84,971.69;1889.88,1788.14;1721.40,1950.14;1501.09,1891.82;1306.70,1956.62;1306.70,1956.62;1092.87,2027.89;788.32,2157.49;555.05,2319.48;256.98,2358.36;23.71,2267.65"
678693308198_1_left.jpg,4160,3120,Mouth1,"468.22,323.72;662.61,148.77;837.56,122.85;1044.92,19.17;3099.00,32.13;3086.04,1716.87;2554.70,2131.57;1997.44,2462.04;1459.62,2546.27;1355.94,2546.27;1355.94,1308.64;1219.87,1172.57;1096.75,1120.73;1006.04,1373.44;947.72,1814.06;960.68,1814.06;902.36,2151.01;785.73,1930.70;857.00,1723.35;675.57,919.86"
681397651901_1_bottom.jpg,3264,2448,Mouth1,"387.81,1936.94;504.74,1235.33;764.03,818.43;1155.51,676.08;1663.92,686.25;2055.40,955.70;2136.74,1581.05;2116.41,2364.00;1963.88,2674.13;1597.83,3030.02;1160.59,3040.19;1160.59,3040.19;652.18,2938.51;367.47,2425.01"
681397651901_1_others2.jpg,3264,2448,Mouth1,"753.87,1281.09;692.86,1016.71;540.33,793.01;540.33,528.64;728.45,437.13;1130.10,518.50;1333.50,604.90;1521.57,833.69;1770.69,1636.98;1770.69,1636.98;1699.51,1992.86;1470.73,2348.75;1079.25,2480.94;784.37,2425.01;601.34,2297.91;606.43,2064.04;606.43,2064.04;413.23,2048.79;367.47,1977.61;408.15,1692.90;570.84,1423.44"
681397651901_1_right.jpg,3264,2448,Mouth1,"418.31,1692.90;336.97,1184.49;336.97,818.43;443.73,533.72;855.55,330.36;1221.60,457.46;1577.49,294.77;1994.39,477.80;2213.01,787.93;2162.16,1240.42;2162.16,1240.42;2096.07,1596.30;1780.86,2165.72;1780.86,2165.72;1485.98,2069.13;1485.98,2069.13;1272.45,2069.13;1267.36,2069.13;962.31,2104.71;784.37,2145.39;514.91,1962.36"
684678850245_1_bottom.jpg,4160,3120,Mouth1,"40.55,647.71;286.79,1405.84;286.79,1405.84;520.06,1859.42;520.06,1859.42;1077.31,2163.97;1828.97,2099.17;1867.84,2079.73;2593.58,1898.30;2742.61,1626.15;2742.61,1626.15;2541.74,1438.24;2671.33,952.26;2878.69,511.63;2891.65,479.23;2807.41,71.01;53.51,64.53"
709482037060_1_bottom.jpg,4160,3120,Mouth1,"8.16,1671.51;215.51,2390.76;662.61,2831.38;1375.38,2863.78;2042.80,2805.46;2049.28,2805.46;2515.82,2176.93;2768.53,1671.51;2768.53,1671.51;2937.00,952.26;2846.29,284.84;2723.17,38.61;2723.17,38.61;286.79,83.97;286.79,83.97;79.43,842.10;79.43,842.10"
709482037060_1_top.jpg,4160,3120,Mouth1,"98.87,945.78;461.74,440.36;1044.92,297.80;1051.40,304.28;1453.14,531.07;1990.96,401.48;2632.45,531.07;3079.56,971.69;3079.56,971.69;3040.68,1677.99;3040.68,1677.99;2690.77,2215.81;2230.71,2034.37;1867.84,2086.21;1738.25,2319.48;1867.84,2559.23;1926.16,2682.35;1381.86,2675.87;1381.86,2675.87;1342.98,2345.40;1057.88,2196.37;416.38,2170.45"
730884612136_1_left.jpg,3264,2448,Mouth1,"42.09,345.61;306.46,35.48;2197.75,20.23;2289.27,518.47;2294.35,518.47;2431.62,1006.55;2431.62,1265.84;2258.76,1179.41;2258.76,1179.41;2141.83,1169.24;2070.65,1270.92;2055.40,1459.03;2116.41,1570.88;2426.54,1764.08;2426.54,2836.83;2162.16,3116.45;1836.78,3207.97;1836.78,3207.97;1241.94,3141.87;850.46,3004.60;21.75,2358.92"
734175023658_1_others.jpg,4160,1920,Mouth1,"43.15,375.56;470.81,71.01;1190.06,64.53;1896.36,453.31;1909.31,2338.92;1909.31,2338.92;1475.17,2649.95;801.28,2734.19;781.84,2734.19;354.17,2688.83;43.15,2338.92"
762458450686_1_bottom.jpg,1439,2136,Mouth1,"44.87,367.64;195.04,192.80;589.54,91.94;907.82,136.77;1261.97,170.39;1638.53,134.53;1954.57,304.88;1959.05,304.88;2100.26,488.67;2106.99,703.85;1992.67,943.68;1920.95,1080.41;1683.36,1037.82;1528.70,1143.17;1504.04,1230.59;1504.04,1230.59;1486.11,1331.45;1486.11,1331.45;1378.52,1304.55;1371.80,1304.55;1221.62,1304.55;1051.27,1427.83;529.02,1405.42;224.18,1192.48;15.70,885.40"
762458450686_1_left.jpg,2730,1870,Mouth1,"31.52,2496.18;669.37,2700.29;1319.98,2636.50;1532.60,2398.37;1587.88,2087.95;1532.60,1722.25;1715.45,1148.19;1847.27,829.26;1847.27,825.01;1817.50,489.07;1817.50,484.82;1524.09,297.72;1515.59,297.72;1069.09,153.14;728.91,25.57;728.91,21.32;286.66,34.07;18.77,127.63"
762458450686_1_others2(1).jpg,1647,1826,Mouth1,"691.01,15.28;744.88,251.29;901.37,320.56;819.28,443.70;765.40,497.57;531.95,571.97;257.45,684.85;62.48,825.95;31.69,969.61;124.05,1120.97;126.61,1120.97;198.45,1277.46;306.19,1516.05;498.60,1623.79;1191.26,1585.31;1650.47,1454.48;1809.53,1203.07;1804.40,605.32;1301.58,94.80;1181.00,12.71"
762458450686_1_right.jpg,2460,2125,Mouth1,"286.37,199.39;286.37,199.39;252.27,666.87;233.11,1057.71;10.49,1314.44;76.01,1981.17;76.01,1981.17;394.05,2287.71;804.05,2448.65;804.05,2448.65;1616.38,2448.65;2117.96,2107.62;2125.00,1033.30;2125.00,349.18;1884.22,161.08;1876.94,161.08;1397.59,76.78;1397.59,76.78;1229.37,46.12;1229.37,46.12;995.64,141.92;995.64,141.92;704.42,46.12;696.37,46.12;435.81,53.79"
786566069386_1_others2.jpg,2304,1812,Mouth1,"28.39,118.47;390.86,64.64;914.82,297.91;914.82,297.91;1363.42,667.55;1711.53,1040.79;1808.43,1345.83;1707.94,1747.78;1593.10,2020.53;1593.10,2020.53;1309.59,2174.84;1076.32,2278.92;383.68,2293.27;383.68,2293.27;28.39,2203.55"
794900887726_1_bottom.jpeg,1032,774,Mouth1,"180.37,543.34;175.55,364.91;310.58,139.86;427.92,77.17;554.91,80.38;694.76,151.11;710.84,241.13;710.84,241.13;718.87,384.20;701.19,524.05;701.19,524.05;683.51,614.07;683.51,614.07;667.44,728.20;667.44,728.20;630.46,821.43;630.46,821.43;558.13,898.59;558.13,898.59;489.01,948.42;489.01,948.42;363.62,917.88;276.82,837.51;276.82,837.51;263.96,734.63;262.35,733.02;199.66,625.32"
850137641424_1_left.jpg,4160,3120,Mouth1,"21.12,1904.78;617.25,1302.16;1284.67,893.94;2010.40,945.78;2204.79,1315.12;2405.66,2001.98;2185.35,1898.30;2185.35,1898.30;1997.44,1924.22;1867.84,1937.18;1816.01,2118.61;1816.01,2118.61;1932.64,2358.36;1978.00,2604.59;2211.27,2960.98;2211.27,2967.46;2340.87,3252.57;2340.87,3252.57;2282.55,3492.32;2282.55,3492.32;2101.12,3641.35;1420.74,3712.63;1019.00,3745.03;442.30,3472.88;442.30,3472.88;27.60,3213.69"
850137641424_1_others.jpg,4160,3120,Mouth1,"21.12,1042.97;260.87,764.34;701.49,459.79;1569.78,608.83;2554.70,1101.29;2975.88,1827.02;2975.88,1827.02;3053.64,2163.97;3053.64,2170.45;3079.56,3505.28;2826.85,4081.98;21.12,4127.33;21.12,4127.33"
865375881611_1_left.jpg,3264,2448,Mouth1,"21.75,1779.33;255.62,2292.83;372.56,2918.17;591.17,3223.22;2441.79,3233.39;2426.54,20.23;21.75,25.31;21.75,25.31;21.75,1067.56;21.75,1067.56;118.40,879.40;230.20,869.30;352.20,940.50;392.90,1032.00;387.81,1194.66;184.45,1494.62"
869685178731_1_left.jpg,4160,3120,Mouth1,"53.51,1198.49;526.54,770.82;1388.34,641.23;2224.23,453.31;2800.93,945.78;3099.00,1334.56;2619.50,1541.91;2619.50,1541.91;2314.95,1801.10;2198.31,2040.85;2243.67,2293.56;2438.06,2423.16;2787.97,2410.20;3027.72,2397.24;2697.25,2811.94;2334.39,3246.09;1952.08,3583.03;1155.07,3693.19;623.73,3459.92;98.90,3291.40;47.00,3006.40"
876639960186_1_bottom.jpg,4160,3120,Mouth1,"260.87,1729.83;332.14,997.61;351.58,978.17;669.09,375.56;1193.95,109.89;1193.95,109.89;1848.41,148.77;2463.98,407.96;2716.69,952.26;2600.06,1742.79;2541.74,2416.68;2301.99,2773.07;1757.69,2870.26;1174.51,2857.30;617.25,2766.59;273.83,2222.29"
880073233581_1_left.jpg,4160,3120,Mouth1,"53.51,556.99;513.58,135.81;513.58,129.33;863.48,19.17;2282.55,58.05;2749.09,498.67;2502.86,602.35;2178.87,634.75;2107.60,790.26;2133.51,1062.41;2340.87,1230.88;2593.58,1237.36;2593.58,1237.36;2425.10,1541.91;2412.14,1548.39;1958.56,2196.37;1751.21,2526.84;1751.21,2526.84;973.64,2526.84;416.38,2293.56;416.38,2293.56;34.07,2034.37"
895890183280_1_bottom.jpg,4160,3120,Mouth1,"610.77,2500.92;610.77,2500.92;928.28,1814.06;1744.73,1192.01;2276.07,880.98;2412.14,829.14;2451.02,1101.29;2276.07,1250.32;1751.21,1548.39;1628.09,1677.99;1595.69,1930.70;1790.09,2092.69;2120.55,2475.00;2263.11,2889.70;2159.43,3071.13;1958.56,3200.73;1958.56,3200.73;1880.80,3388.64;1880.80,3388.64;1634.57,3472.88;1634.57,3472.88;1168.03,3388.64;1168.03,3388.64;688.53,3084.09"
903649447051_1_top.jpg,1032,774,Mouth1,"27.66,332.76;120.89,117.36;124.11,115.75;259.14,35.38;421.49,40.20;625.64,110.93;675.47,199.34;640.11,319.90;556.52,454.93;556.52,454.93;495.44,589.95;424.71,691.23;379.70,678.37;334.69,696.05;296.11,737.84;276.82,755.52;180.37,723.38;59.81,663.90;11.58,559.41"
914189941833_1_left.jpg,4160,3120,Mouth1,"47.03,1477.12;40.55,3122.97;876.44,3408.08;876.44,3408.08;1686.41,3544.16;1686.41,3544.16;2237.19,3395.12;2457.50,3012.82;2515.82,2604.59;2515.82,2598.11;2587.10,2086.21;2749.09,1490.07;2451.02,1412.32;2256.63,1237.36;2282.55,932.82;2463.98,731.94;2710.21,505.15;2211.27,38.61;941.24,25.65;306.22,835.62;137.80,1179.00"
914189941833_1_others.jpg,4160,3120,Mouth1,"189.59,2313.00;183.11,1490.07;474.70,764.34;837.56,187.64;1064.36,77.49;1874.32,77.49;2289.03,453.31;2289.03,453.31;2671.33,1049.45;2930.52,2066.77;2930.52,2811.94;2775.01,3472.88;2541.74,4127.33;882.92,4140.29;306.22,3084.09"
915777646813_1_bottom.jpg,4160,3120,Mouth1,"53.51,3557.12;520.06,4120.85;2502.86,4140.29;3092.52,3246.09;3092.52,38.61;21.12,38.61;21.12,38.61"
915777646813_1_left.jpg,4160,3120,Mouth1,"66.47,1269.76;202.55,608.83;442.30,58.05;2794.45,25.65;3099.00,271.88;3105.48,4133.81;338.62,4133.81;371.02,3421.04;157.20,2650.00;766.30,2274.10;928.30,1898.30;857.00,1645.59;857.00,1645.59;623.73,1457.68;79.43,1373.44"
919597887683_1_others.jpg,4160,3120,Mouth1,"27.59,375.56;396.94,38.61;2269.59,64.53;2625.98,395.00;2833.33,1010.57;2956.44,1852.94;2846.29,2766.59;2600.06,3382.16;2120.55,3608.95;1168.03,3615.43;623.73,3369.20;124.79,2863.78;27.60,2215.81"
