img_dir_path,img_name,img_height,img_width,mask_label,polygon_points
/ssd_scratch/cvit/chocolite/OPMDData/Set5/,011319877673_1_bottom.jpg,1032,774,Mouth1,"[(0.65, 368.77), (31.2, 280.35), (135.68, 156.58), (236.95, 87.46), (359.12, 71.38), (495.76, 79.42), (617.92, 145.33), (720.8, 273.92), (759.38, 408.95), (759.38, 531.12), (740.09, 622.75), (685.44, 698.3), (637.21, 760.99), (560.06, 740.09), (527.91, 740.09), (465.21, 754.56), (437.89, 794.75), (415.38, 846.19), (415.38, 846.19), (360.73, 847.79), (335.01, 844.58), (338.22, 767.42), (312.5, 701.51), (267.49, 682.22), (187.12, 662.93), (68.17, 645.25), (40.84, 643.64), (3.87, 548.8)]"
/ssd_scratch/cvit/chocolite/OPMDData/Set5/,011319877673_1_left.jpg,1032,774,Mouth1,"[(3.55, 522.44), (38.91, 419.56), (82.31, 274.89), (141.79, 139.86), (225.38, 16.09), (262.35, 1.62), (725.3, 8.05), (770.31, 46.63), (771.92, 440.46), (751.02, 544.95), (751.02, 544.95), (739.77, 655.86), (723.7, 781.24), (624.03, 877.69), (431.14, 877.69), (241.45, 824.65), (112.86, 718.55), (9.98, 596.38)]"
/ssd_scratch/cvit/chocolite/OPMDData/Set5/,011319877673_1_right.jpg,1032,774,Mouth1,"[(34.09, 417.96), (38.91, 286.14), (83.92, 138.25), (193.23, 24.12), (342.72, 3.23), (495.44, 8.05), (598.31, 88.42), (669.04, 217.02), (678.69, 385.81), (648.15, 501.54), (561.34, 615.67), (434.35, 702.48), (262.35, 710.52), (104.82, 575.49)]"
/ssd_scratch/cvit/chocolite/OPMDData/Set5/,025145455822_1_bottom.jpg,4160,3120,Mouth1,"[(14.64, 407.96), (234.95, 135.81), (416.38, 19.17), (2152.95, 32.13), (2541.74, 388.52), (2671.33, 1030.01), (2677.81, 1807.58), (2593.58, 2384.28), (2463.98, 3025.78), (2230.71, 3583.03), (1498.5, 3848.7), (792.21, 3647.83), (319.18, 3097.05), (319.18, 3097.05), (85.91, 2300.04), (85.91, 2300.04), (14.64, 2053.81)]"
/ssd_scratch/cvit/chocolite/OPMDData/Set5/,025145455822_1_left.jpg,4160,3120,Mouth1,"[(21.12, 12.69), (2237.19, 32.13), (2191.83, 297.8), (2101.12, 939.3), (1932.64, 1490.07), (1932.64, 1515.99), (1822.49, 2325.96), (1803.05, 2708.27), (1705.85, 3148.89), (1349.46, 3518.24), (785.73, 3667.27), (150.71, 3589.51), (8.16, 3537.68)]"
/ssd_scratch/cvit/chocolite/OPMDData/Set5/,035581113357_1_left.jpg,3264,2448,Mouth1,"[(21.75, 503.22), (225.12, 269.35), (626.76, 152.42), (1358.87, 325.27), (1846.95, 757.42), (1928.3, 1047.22), (1872.37, 1372.6), (1730.02, 1692.9), (1485.98, 1926.77), (1485.98, 1926.77), (1424.97, 1967.44), (1424.97, 1967.44), (1770.69, 1108.23), (1770.69, 1108.23), (1775.77, 1042.13), (1724.93, 1052.3), (1292.78, 1972.53), (916.56, 1942.02), (479.32, 1718.32), (169.19, 1413.27), (159.02, 1398.02), (11.59, 1214.99)]"
/ssd_scratch/cvit/chocolite/OPMDData/Set5/,035581113357_1_others.jpg,3264,2448,Mouth1,"[(326.8, 1113.31), (291.21, 1469.2), (382.73, 1881.01), (713.19, 2191.14), (1226.69, 2308.08), (1785.94, 1840.34), (2218.09, 1255.67), (2223.17, 1250.58), (2426.54, 920.12), (2441.79, 76.15), (2390.95, 15.14), (113.27, 15.14), (270.87, 233.76), (1399.55, 315.11), (1399.55, 315.11), (1633.42, 406.62), (1735.1, 640.49), (1704.59, 940.45), (1526.65, 1143.82), (1008.07, 1164.15), (545.42, 1108.23)]"
/ssd_scratch/cvit/chocolite/OPMDData/Set5/,037550143299_1_bottom.jpg,4160,1920,Mouth1,"[(114.42, 893.94), (153.3, 401.48), (619.84, 90.45), (1177.1, 64.53), (1177.1, 64.53), (1689.0, 116.37), (1889.88, 284.84), (1889.88, 284.84), (1915.79, 1509.51), (1915.79, 1509.51), (1481.65, 1256.8), (1475.17, 1256.8), (1196.54, 1179.05), (1183.58, 1179.05), (982.71, 1204.97), (982.71, 1204.97), (1092.87, 1464.16), (1501.09, 1768.7), (1501.09, 1768.7), (1838.04, 2060.29), (1682.52, 2293.56), (1287.26, 2449.08), (762.4, 2364.84), (717.04, 2338.92), (328.26, 1827.02), (127.38, 1308.64)]"
/ssd_scratch/cvit/chocolite/OPMDData/Set5/,055884005064_1_bottom.jpg,4160,3120,Mouth1,"[(669.09, 19.17), (630.21, 356.12), (591.33, 706.03), (630.21, 1146.65), (908.84, 1645.59), (1375.38, 1891.82), (2049.28, 1904.78), (2334.39, 1697.43), (2515.82, 1159.61), (2664.85, 654.19), (2645.41, 58.05), (2548.22, 12.69), (2548.22, 12.69)]"
/ssd_scratch/cvit/chocolite/OPMDData/Set5/,056758865020_1_left.jpg,4160,3120,Mouth1,"[(435.82, 1431.76), (591.33, 1094.81), (915.32, 537.55), (928.28, 531.07), (1317.07, 252.44), (1945.6, 200.6), (2366.79, 297.8), (2768.53, 764.34), (2736.13, 1308.64), (2463.98, 1256.8), (2347.35, 1366.96), (2340.87, 1379.92), (2327.91, 1658.55), (2535.26, 1839.98), (2645.41, 1878.86), (2645.41, 1878.86), (2567.66, 2196.37), (2152.95, 2539.79), (2055.76, 2539.79), (1330.03, 2475.0), (746.85, 2313.0), (746.85, 2313.0), (520.06, 1904.78)]"
/ssd_scratch/cvit/chocolite/OPMDData/Set5/,065840191068_1_bottom.jpg,4160,3120,Mouth1,"[(520.06, 1639.11), (552.45, 1075.37), (857.0, 608.83), (882.92, 582.91), (1271.71, 401.48), (1861.36, 498.67), (2178.87, 874.5), (2178.87, 900.42), (2334.39, 1354.0), (2327.91, 2034.37), (2211.27, 2494.44), (1965.04, 2786.03), (1388.34, 2837.86), (798.69, 2611.07), (513.58, 2060.29)]"
/ssd_scratch/cvit/chocolite/OPMDData/Set5/,065840191068_1_left.jpg,4160,3120,Mouth1,"[(377.5, 861.54), (707.97, 498.67), (1142.11, 64.53), (1550.34, 12.69), (2314.95, 38.61), (2593.58, 19.17), (3008.28, 356.12), (3120.0, 778.17), (3120.0, 863.11), (3086.04, 1321.6), (2969.4, 1703.91), (2282.55, 2163.97), (1492.02, 2241.73), (720.93, 2183.41), (299.74, 1852.94), (630.21, 1729.83), (779.25, 1541.91), (811.65, 1302.16), (727.41, 1030.01), (507.1, 978.17)]"
/ssd_scratch/cvit/chocolite/OPMDData/Set5/,065840191068_1_others.jpg,4160,3120,Mouth1,"[(707.97, 1088.33), (811.65, 556.99), (1174.51, 122.85), (1446.66, 19.17), (2256.63, 12.69), (2541.74, 226.52), (2749.09, 660.67), (2794.45, 1120.73), (2749.09, 1703.91), (2749.09, 1703.91), (2463.98, 2274.12), (2256.63, 2559.23), (1887.28, 2669.39), (1368.9, 2520.36), (1038.44, 2222.29), (759.81, 1755.74), (701.49, 1315.12)]"
/ssd_scratch/cvit/chocolite/OPMDData/Set5/,066524358940_1_bottom.jpg,4160,1920,Mouth1,"[(4.27, 6.21), (17.23, 2624.03), (354.17, 2948.02), (853.12, 3051.69), (1442.77, 3071.13), (1786.2, 2760.11), (1870.44, 2630.51), (982.71, 1989.02), (807.76, 1846.46), (736.48, 1652.07), (736.48, 1652.07), (956.79, 1613.19), (1196.54, 1677.99), (1423.33, 1768.7), (1812.12, 1943.66), (1889.88, 1995.5), (1889.88, 1995.5), (1896.36, 19.17)]"
/ssd_scratch/cvit/chocolite/OPMDData/Set5/,066524358940_1_others.jpg,4160,1920,Mouth1,"[(4.27, 887.46), (179.22, 472.75), (386.57, 135.81), (555.05, 45.09), (1345.58, 32.13), (1708.44, 388.52), (1896.36, 939.3), (1896.36, 939.3), (1889.88, 2351.88), (1682.52, 2487.96), (1261.34, 2624.03), (1228.94, 2624.03), (678.16, 2604.59), (224.58, 2449.08), (30.19, 2313.0)]"
/ssd_scratch/cvit/chocolite/OPMDData/Set5/,068176939157_1_left.jpg,1600,1200,Mouth1,"[(137.6, 949.56), (189.94, 655.48), (287.13, 363.89), (334.5, 296.6), (401.78, 204.39), (618.6, 104.7), (937.6, 132.12), (1074.67, 286.64), (1176.85, 495.98), (1179.35, 757.66), (1151.93, 1009.38), (1089.63, 1383.21), (1004.89, 1540.22), (950.06, 1585.08), (950.06, 1585.08), (386.82, 1592.55), (312.06, 1520.28), (214.86, 1300.97), (140.09, 1061.71)]"
/ssd_scratch/cvit/chocolite/OPMDData/Set5/,068176939157_1_others.jpg,1600,1200,Mouth1,"[(100.22, 1014.36), (120.16, 760.16), (202.4, 346.45), (329.5, 97.23), (339.47, 94.73), (476.54, 42.4), (698.35, 22.46), (887.76, 94.73), (999.91, 221.84), (1087.13, 456.11), (1107.07, 697.85), (1107.07, 697.85), (1134.49, 929.63), (1097.1, 1325.89), (1032.3, 1567.63), (252.24, 1590.06), (127.63, 1228.69)]"
/ssd_scratch/cvit/chocolite/OPMDData/Set5/,070269272802_1_bottom.jpg,4160,3120,Mouth1,"[(85.91, 939.3), (254.39, 401.48), (772.77, 90.45), (1543.86, 38.61), (2172.39, 90.45), (2651.89, 608.83), (2807.41, 1321.6), (2690.77, 1619.67), (2723.17, 2053.81), (2438.06, 2526.84), (1453.14, 2727.71), (714.45, 2552.75), (273.83, 2338.92), (85.91, 1483.6)]"
/ssd_scratch/cvit/chocolite/OPMDData/Set5/,070269272802_1_left.jpg,4160,3120,Mouth1,"[(241.43, 32.13), (241.43, 32.13), (332.14, 544.03), (409.9, 1237.36), (286.79, 1794.62), (539.5, 2300.04), (1070.84, 2494.44), (1893.76, 2500.92), (1913.2, 2500.92), (2664.85, 2241.73), (3086.04, 1904.78), (3086.04, 1904.78), (3105.48, 12.69)]"
/ssd_scratch/cvit/chocolite/OPMDData/Set5/,075125308486_1_bottom.jpg,4160,1920,Mouth1,"[(4.27, 19.17), (30.19, 4030.14), (153.3, 4133.81), (1727.88, 4127.33), (1902.8, 3958.9), (1896.4, 3861.7), (1915.79, 32.13)]"
/ssd_scratch/cvit/chocolite/OPMDData/Set5/,075125308486_1_left.jpg,4160,1920,Mouth1,"[(23.71, 1055.93), (23.71, 1055.93), (23.71, 12.69), (1902.84, 12.69), (1902.84, 12.69), (1889.88, 3926.46), (1663.08, 4107.89), (114.42, 4101.41), (36.67, 3926.46)]"
/ssd_scratch/cvit/chocolite/OPMDData/Set5/,079739991149_1_left.jpg,4160,1920,Mouth1,"[(4.27, 1068.89), (224.58, 608.83), (477.29, 19.17), (1779.72, 19.17), (1902.84, 135.81), (1902.84, 2863.78), (1449.25, 3097.05), (924.39, 3122.97), (490.25, 2863.78), (334.7, 2526.8), (263.5, 2403.7), (49.63, 1904.78), (360.65, 1801.1), (522.65, 1412.32), (444.89, 1185.53), (153.3, 1107.77)]"
/ssd_scratch/cvit/chocolite/OPMDData/Set5/,081420394944_1_left.jpg,4160,3120,Mouth1,"[(21.12, 12.69), (8.16, 1924.22), (163.67, 2384.28), (163.67, 2384.28), (850.52, 2753.63), (1440.18, 2753.63), (1848.41, 2520.36), (2068.72, 2008.45), (2127.03, 1515.99), (2347.35, 809.7), (2496.38, 420.92), (2489.9, 420.92), (2405.66, 45.09)]"
/ssd_scratch/cvit/chocolite/OPMDData/Set5/,096179443672_1_left.jpg,4160,1920,Mouth1,"[(23.71, 602.35), (438.41, 271.88), (1222.46, 77.49), (1857.48, 284.84), (1909.31, 375.56), (1915.79, 1282.72), (1663.08, 1328.08), (1578.85, 1535.43), (1624.21, 1878.86), (1902.84, 2060.29), (1818.6, 2624.03), (1676.04, 3110.01), (1676.04, 3110.01), (1449.25, 3336.8), (801.28, 3485.84), (205.1, 3194.2), (23.71, 3064.65)]"
/ssd_scratch/cvit/chocolite/OPMDData/Set5/,098866653909_1_others.jpg,4160,3120,Mouth1,"[(520.06, 855.06), (792.21, 537.55), (1543.86, 440.36), (2418.62, 576.43), (2833.33, 1094.81), (2852.77, 1723.35), (2800.93, 2047.33), (2664.85, 2721.23), (2463.98, 3038.74), (1790.09, 3252.57), (1336.5, 3194.25), (895.88, 2941.54), (727.41, 2390.76), (649.65, 1827.02), (649.65, 1827.02), (565.41, 1250.32)]"
/ssd_scratch/cvit/chocolite/OPMDData/Set5/,098866653909_1_others2.jpg,4160,3120,Mouth1,"[(468.22, 1425.28), (630.21, 965.22), (1031.96, 608.83), (1783.61, 427.4), (2250.15, 472.75), (2431.58, 686.59), (2392.7, 984.65), (2237.19, 1302.16), (2152.95, 1457.68), (2314.95, 1457.68), (2431.58, 1438.24), (2554.7, 1574.31), (2554.7, 1574.31), (2438.06, 1781.66), (2314.95, 1943.66), (2250.15, 1995.5), (2250.15, 1995.5), (2314.95, 2202.85), (2366.79, 2416.68), (2256.63, 2636.99), (1841.93, 2695.31), (1355.94, 2520.36), (837.56, 2008.45), (494.14, 1645.59)]"
/ssd_scratch/cvit/chocolite/OPMDData/Set5/,098866653909_1_top.jpg,4160,3120,Mouth1,"[(364.54, 1943.66), (533.0, 1425.3), (662.6, 1166.1), (844.04, 848.58), (1414.26, 660.67), (1738.25, 790.26), (1965.04, 693.07), (2703.73, 991.13), (2988.84, 1464.16), (2995.32, 1470.64), (3092.52, 1976.06), (3092.52, 2539.79), (2852.77, 2902.66), (2327.91, 2941.54), (2204.79, 2980.42), (2055.76, 3135.93), (1602.17, 3122.97), (1304.11, 3103.53), (1155.07, 2896.18), (1155.07, 2896.18), (934.76, 2805.46), (597.81, 2630.51), (448.78, 2572.19), (455.26, 2572.19)]"
/ssd_scratch/cvit/chocolite/OPMDData/Set5/,102842243584_1_left.jpg,4160,3120,Mouth1,"[(474.7, 1464.16), (507.1, 945.78), (707.97, 330.2), (707.97, 330.2), (941.24, 90.45), (2496.38, 32.13), (2800.93, 284.84), (2859.25, 783.78), (2949.96, 1172.57), (2995.32, 1334.56), (2723.17, 1308.64), (2593.58, 1347.52), (2496.38, 1613.19), (2587.1, 1872.38), (2742.61, 1995.5), (2749.09, 1995.5), (2775.01, 2118.61), (2619.5, 2274.12), (2386.22, 2611.07), (2127.03, 2811.94), (1375.38, 2896.18), (1064.36, 2760.11), (746.85, 2338.92), (545.98, 1742.79)]"
/ssd_scratch/cvit/chocolite/OPMDData/Set5/,103840480503_1_others.jpg,4160,3120,Mouth1,"[(27.59, 12.69), (34.07, 1075.37), (34.07, 1075.37), (124.79, 1658.55), (247.91, 2377.8), (474.7, 3097.05), (1103.23, 3252.57), (1777.13, 3122.97), (2256.63, 2786.03), (2574.14, 2287.08), (2736.13, 1379.92), (2723.17, 563.47), (2638.93, 38.61)]"
/ssd_scratch/cvit/chocolite/OPMDData/Set5/,113789057686_1_left.jpg,4160,3120,Mouth1,"[(234.95, 1859.42), (610.8, 1302.2), (967.16, 1049.45), (1673.45, 764.34), (2386.22, 693.07), (2813.89, 893.94), (2956.44, 1522.47), (2956.44, 1859.42), (2768.53, 1872.38), (2625.98, 2066.77), (2625.98, 2066.77), (2587.1, 2364.84), (2794.45, 2636.99), (2723.17, 2922.1), (2613.02, 3284.97), (2405.66, 3531.2), (1926.16, 3602.47), (1064.36, 3330.32), (571.89, 2578.67), (286.79, 2131.57)]"
/ssd_scratch/cvit/chocolite/OPMDData/Set5/,130938912737_1_bottom.jpg,4160,3120,Mouth1,"[(8.16, 200.6), (189.59, 19.17), (2023.36, 38.61), (2269.59, 323.72), (2399.18, 803.22), (2366.79, 1250.32), (2282.55, 1677.99), (2276.07, 2138.05), (2075.2, 2598.11), (1070.84, 2811.94), (448.78, 2585.15), (34.07, 2345.4)]"
/ssd_scratch/cvit/chocolite/OPMDData/Set5/,130938912737_1_left.jpg,4160,3120,Mouth1,"[(753.33, 1697.43), (895.88, 893.94), (1414.26, 382.04), (2204.79, 90.45), (2522.3, 19.17), (2736.13, 401.48), (2930.52, 880.98), (3040.68, 1198.49), (3047.16, 1289.2), (2826.85, 1263.28), (2671.33, 1315.12), (2600.06, 1496.55), (2593.58, 1710.39), (2658.37, 1839.98), (2820.37, 1904.78), (3047.16, 2034.37), (3118.44, 2066.77), (3034.2, 2338.92), (2852.77, 2533.31), (2567.66, 2779.55), (2178.87, 2798.98), (1556.82, 2649.95), (1556.82, 2630.51), (967.16, 2241.73), (753.33, 2053.81)]"
/ssd_scratch/cvit/chocolite/OPMDData/Set5/,130938912737_1_others.jpg,4160,3120,Mouth1,"[(53.51, 556.99), (273.83, 220.04), (280.31, 220.04), (507.1, 45.09), (2438.06, 38.61), (2677.81, 258.92), (2768.53, 757.86), (2775.01, 1263.28), (2671.33, 1639.11), (2651.89, 1671.51), (2625.98, 2053.81), (2489.9, 2546.27), (2081.68, 2818.42), (1472.58, 2973.94), (779.25, 2818.42), (293.26, 2423.16), (293.26, 2423.16), (157.19, 1794.62), (189.59, 1263.28), (79.43, 809.7)]"
/ssd_scratch/cvit/chocolite/OPMDData/Set5/,130938912737_1_others2.jpg,4160,3120,Mouth1,"[(1168.03, 1399.36), (1064.36, 1153.13), (1070.84, 1153.13), (1038.44, 919.86), (1206.91, 505.15), (1634.57, 511.63), (2016.88, 628.27), (2321.43, 978.17), (2327.91, 991.13), (2379.74, 1431.76), (2379.74, 1438.24), (2399.18, 1911.26), (2276.07, 2325.96), (1712.33, 2656.43), (1349.46, 2708.27), (1342.98, 2708.27), (980.12, 2656.43), (889.4, 2319.48), (980.12, 1989.02), (980.12, 1989.02), (857.0, 1891.82), (753.33, 1827.02), (772.77, 1580.79), (902.36, 1438.24), (1057.88, 1438.24)]"
/ssd_scratch/cvit/chocolite/OPMDData/Set5/,130938912737_1_top.jpg,4160,3120,Mouth1,"[(150.71, 1068.89), (150.71, 1068.89), (371.02, 615.31), (740.37, 265.4), (1245.79, 200.6), (1725.29, 148.77), (2224.23, 226.52), (2561.18, 446.84), (2749.09, 829.14), (2664.85, 1392.88), (2541.74, 1878.86), (2379.74, 2345.4), (2276.07, 2624.03), (1893.76, 2656.43), (1660.49, 2675.87), (1479.06, 2798.98), (1122.67, 2915.62), (824.6, 2837.86), (701.49, 2656.43), (539.5, 2578.67), (422.86, 2455.56), (234.95, 1671.51), (163.67, 1315.12)]"
/ssd_scratch/cvit/chocolite/OPMDData/Set5/,131247372431_1_left.jpg,4160,3120,Mouth1,"[(47.03, 2034.37), (383.98, 1431.76), (863.48, 1030.01), (1336.5, 868.02), (1945.6, 868.02), (2327.91, 932.82), (2515.82, 874.5), (2762.05, 868.02), (2749.09, 1075.37), (2548.22, 1269.76), (2541.74, 1567.83), (2645.41, 1794.62), (2690.77, 1885.34), (3008.28, 1904.78), (3073.08, 1943.66), (3118.44, 3265.53), (2898.12, 3472.88), (2438.06, 3537.68), (1556.82, 3583.03), (1096.75, 3375.68), (591.33, 3122.97), (578.37, 3116.49), (286.79, 2935.06), (131.27, 2630.51)]"
/ssd_scratch/cvit/chocolite/OPMDData/Set5/,131247372431_1_right.jpg,4160,3120,Mouth1,"[(364.54, 2202.85), (183.11, 1852.94), (53.51, 1431.76), (409.9, 1204.97), (1297.63, 1107.77), (2075.2, 1127.21), (2120.55, 1127.21), (2561.18, 1153.13), (2904.6, 1289.2), (3040.68, 1677.99), (3047.16, 1684.47), (3099.0, 2228.77), (3099.0, 2228.77), (3060.12, 2436.12), (3060.12, 2436.12), (3001.8, 2714.75), (2716.69, 2973.94), (2178.87, 3233.13), (1770.65, 3284.97), (1349.46, 3278.49), (1116.19, 2896.18), (908.84, 2805.46), (889.4, 2805.46), (759.81, 2552.75), (565.41, 2481.48), (390.46, 2287.08)]"
/ssd_scratch/cvit/chocolite/OPMDData/Set5/,131409498788_1_left.jpg,4160,3120,Mouth1,"[(157.19, 1801.1), (299.74, 1230.88), (565.41, 874.5), (1019.0, 634.75), (1064.36, 615.31), (1576.26, 479.23), (2314.95, 550.51), (2723.17, 764.34), (3008.28, 1204.97), (3111.96, 1483.6), (3111.96, 2163.97), (2949.96, 2261.17), (2716.69, 2338.92), (2489.9, 2500.92), (2431.58, 2636.99), (2211.27, 2708.27), (1841.93, 2662.91), (1401.3, 2578.67), (1006.04, 2662.91), (882.92, 2701.79), (831.08, 2507.4), (545.98, 2215.81), (260.87, 1976.06)]"
/ssd_scratch/cvit/chocolite/OPMDData/Set5/,137791417388_1_bottom.jpg,4160,3120,Mouth1,"[(332.14, 1496.55), (520.06, 1023.53), (740.37, 453.31), (1129.15, 142.29), (1148.59, 116.37), (1530.9, 38.61), (2081.68, 90.45), (2489.9, 459.79), (2613.02, 978.17), (2762.05, 1554.87), (2703.73, 1878.86), (2314.95, 2040.85), (1971.52, 2254.69), (1854.88, 2423.16), (1485.54, 2390.76), (1317.07, 2034.37), (1044.92, 1801.1), (526.54, 1515.99), (526.54, 1515.99)]"
/ssd_scratch/cvit/chocolite/OPMDData/Set5/,137791417388_1_left.jpg,4160,3120,Mouth1,"[(21.12, 809.7), (280.31, 239.48), (513.58, 12.69), (2042.8, 45.09), (2392.7, 453.31), (2619.5, 926.34), (2690.77, 1347.52), (2742.61, 1509.51), (1978.0, 1438.24), (1867.84, 1528.95), (1874.32, 1872.38), (2042.8, 2014.93), (2308.47, 2047.33), (2522.3, 2131.57), (2755.57, 2215.81), (2574.14, 2565.71), (2379.74, 2857.3), (2379.74, 2857.3), (2178.87, 3213.69), (2003.92, 3518.24), (1731.77, 3673.75), (850.52, 3848.7), (545.98, 3770.95), (234.95, 3583.03), (53.51, 3323.84)]"
/ssd_scratch/cvit/chocolite/OPMDData/Set5/,137791417388_1_others.jpg,4160,3120,Mouth1,"[(27.6, 213.56), (539.5, 122.85), (895.88, 45.09), (1297.63, 19.17), (1900.24, 109.89), (2295.51, 336.68), (2703.73, 615.31), (3027.72, 809.7), (3066.6, 887.46), (2541.74, 1062.41), (2412.14, 1438.24), (2638.93, 1768.7), (2930.52, 1833.5), (2930.52, 1833.5), (3086.04, 1976.06), (3086.04, 1982.54), (3086.04, 2248.21), (2962.92, 2701.79), (2820.37, 3051.69), (2593.58, 3414.56), (2574.14, 3459.92), (2301.99, 3777.43), (1744.73, 3894.06), (824.6, 3822.79), (468.22, 3699.67), (47.03, 3304.41)]"
/ssd_scratch/cvit/chocolite/OPMDData/Set5/,148876096229_1_others.jpg,4160,3120,Mouth1,"[(59.99, 1276.24), (176.63, 453.31), (267.35, 116.37), (273.83, 116.37), (358.06, 32.13), (2755.57, 25.65), (2891.65, 369.08), (2975.88, 900.42), (3053.64, 1379.92), (3086.04, 1645.59), (3099.0, 3796.87), (3099.0, 3796.87), (2904.6, 4023.66), (2671.33, 4088.46), (390.46, 4114.37), (234.95, 3796.87), (105.35, 2993.38), (85.91, 2008.45)]"
/ssd_scratch/cvit/chocolite/OPMDData/Set5/,153335597462_1_left.jpg,4160,3120,Mouth1,"[(21.12, 971.7), (312.7, 388.52), (759.81, 129.33), (1284.67, 19.17), (2211.27, 38.61), (2528.78, 220.04), (2781.49, 181.17), (3008.28, 466.27), (3060.12, 790.26), (2911.08, 1204.97), (2749.09, 1554.87), (2677.81, 2060.29), (2833.33, 2475.0), (2852.77, 2656.43), (2645.41, 2760.11), (2638.93, 2941.54), (2852.77, 3278.49), (3105.48, 3628.39), (3040.68, 3848.7), (2645.41, 4017.18), (2224.23, 3984.78), (1628.09, 3829.26), (1064.36, 3602.47), (215.51, 3284.97), (47.03, 3116.49)]"
/ssd_scratch/cvit/chocolite/OPMDData/Set5/,153335597462_1_right.jpg,4160,3120,Mouth1,"[(215.51, 38.61), (286.79, 518.11), (377.5, 1010.57), (448.78, 1580.79), (513.58, 1976.06), (792.21, 2027.89), (1031.96, 2021.41), (1330.03, 2131.57), (1479.06, 2215.81), (1530.9, 2552.75), (1498.5, 2701.79), (1219.87, 2876.74), (1368.9, 2896.18), (1589.22, 2837.86), (1803.05, 2682.35), (1854.88, 2591.63), (1854.88, 2300.04), (1861.36, 2293.56), (2016.88, 2170.45), (2366.79, 2092.69), (2425.1, 2092.69), (2593.58, 2099.17), (2781.49, 2105.65), (2995.32, 1606.71), (3105.48, 1282.72), (3111.96, 19.17)]"
/ssd_scratch/cvit/chocolite/OPMDData/Set5/,161394464117_1_bottom.jpg,4160,1920,Mouth1,"[(19.4, 604.9), (17.23, 25.65), (43.1, 38.6), (1902.84, 19.17), (1896.36, 3408.08), (1585.33, 3459.92), (1138.22, 3446.96), (645.76, 3278.49), (308.82, 2967.46), (23.71, 2500.92), (19.4, 841.4)]"
/ssd_scratch/cvit/chocolite/OPMDData/Set5/,165208139498_1_bottom.jpg,4160,3120,Mouth1,"[(714.45, 2358.36), (889.4, 1852.94), (1103.23, 1179.05), (1504.98, 505.15), (1945.6, 407.96), (2392.7, 323.72), (2762.05, 595.87), (2891.65, 1036.49), (2852.77, 1451.2), (2716.69, 1898.3), (2619.5, 2287.08), (2431.58, 2708.27), (2256.63, 3006.34), (2127.03, 2798.98), (1816.01, 2578.67), (1556.82, 2546.27), (1388.34, 2682.35), (1193.95, 2377.8), (954.2, 2293.56), (954.2, 2293.56), (695.01, 2487.96)]"
/ssd_scratch/cvit/chocolite/OPMDData/Set5/,165208139498_1_left.jpg,4160,3120,Mouth1,"[(358.06, 829.14), (558.93, 511.63), (578.37, 492.19), (999.56, 90.45), (1109.71, 25.65), (3099.0, 19.17), (3099.0, 19.17), (3111.96, 1956.62), (2600.06, 2254.69), (2600.06, 2254.69), (2230.71, 2552.75), (1459.62, 2578.67), (960.68, 2345.4), (597.81, 1930.7), (416.38, 1723.35), (675.57, 1606.71), (895.88, 1444.72), (908.84, 1153.13), (908.84, 1153.13), (805.17, 932.82), (805.17, 932.82), (649.65, 829.14)]"
/ssd_scratch/cvit/chocolite/OPMDData/Set5/,165208139498_1_others.jpg,4160,3120,Mouth1,"[(500.62, 2001.98), (643.17, 1127.21), (1064.36, 693.07), (1692.89, 582.91), (2016.88, 550.51), (2405.66, 1017.05), (2515.82, 1328.08), (2509.34, 1399.36), (1278.19, 1295.68), (1278.19, 1295.68), (1168.03, 1295.68), (1057.88, 1412.32), (986.6, 1639.11), (954.2, 1788.14), (2392.7, 2034.37), (2399.18, 2254.69), (2399.18, 2261.17), (2366.79, 2520.36), (2185.35, 2883.22), (1816.01, 3071.13), (1342.98, 3045.22), (1317.07, 3045.22), (1031.96, 2837.86), (630.21, 2377.8)]"
/ssd_scratch/cvit/chocolite/OPMDData/Set5/,167392725307_1_bottom.jpg,3264,2448,Mouth1,"[(11.58, 2938.51), (230.2, 3238.47), (2055.4, 3248.64), (2431.62, 2480.94), (2431.62, 15.14), (1.42, 30.4)]"
/ssd_scratch/cvit/chocolite/OPMDData/Set5/,178209658122_1_left.jpg,4160,3120,Mouth1,"[(124.79, 1911.26), (526.54, 1230.88), (1031.96, 634.75), (1090.27, 595.87), (1783.61, 349.64), (2224.23, 362.6), (2645.41, 790.26), (2787.97, 1386.4), (2898.12, 2034.37), (2496.38, 1956.62), (2327.91, 2008.45), (2204.79, 2215.81), (2178.87, 2462.04), (2340.87, 2688.83), (2347.35, 2682.35), (2625.98, 2850.82), (2788.0, 2909.1), (2522.3, 3064.7), (1271.71, 2915.62), (753.33, 2630.51), (228.47, 2215.81)]"
/ssd_scratch/cvit/chocolite/OPMDData/Set5/,189027113150_1_others.jpg,3264,2448,Mouth1,"[(448.82, 1265.84), (545.42, 721.84), (687.77, 101.57), (779.29, 15.14), (2360.45, 15.14), (2436.71, 121.91), (2436.71, 2399.59), (2294.35, 2567.37), (2009.64, 2750.4), (1669.01, 2775.82), (1013.16, 2663.97), (713.19, 2394.51), (530.16, 1657.31)]"
/ssd_scratch/cvit/chocolite/OPMDData/Set5/,194695592159_1_left.jpg,4160,3120,Mouth1,"[(21.12, 861.54), (435.82, 459.79), (934.76, 168.21), (1310.59, 25.65), (1388.34, 25.65), (1978.0, 135.81), (2593.58, 375.56), (3092.52, 816.18), (3118.44, 1153.13), (2755.57, 1153.13), (2541.74, 1172.57), (2541.74, 1179.05), (2386.22, 1541.91), (2431.6, 1781.7), (2541.7, 1943.7), (2658.37, 2034.37), (2794.45, 2112.13), (2671.33, 2338.92), (2405.66, 2798.98), (2185.35, 3213.69), (2023.36, 3524.72), (1757.69, 3842.22), (1757.69, 3842.22), (1096.75, 3945.9), (468.22, 3829.26), (21.12, 3706.15)]"
/ssd_scratch/cvit/chocolite/OPMDData/Set5/,194695592159_1_others.jpg,4160,3120,Mouth1,"[(27.59, 245.96), (390.46, 220.04), (1012.52, 96.93), (1038.44, 96.93), (1479.06, 142.29), (2075.2, 291.32), (2522.3, 686.59), (2930.52, 1554.87), (3053.64, 2287.08), (3066.6, 2773.07), (2988.84, 3291.45), (2690.77, 3848.7), (2438.06, 4120.85), (345.1, 4127.33), (837.56, 3926.46), (1330.03, 3751.51), (1479.06, 3745.03), (1887.28, 3615.43), (1997.44, 3265.53), (1764.17, 2954.5), (1407.78, 2786.03), (1012.52, 2708.27), (468.22, 2708.27), (34.07, 2721.23)]"
/ssd_scratch/cvit/chocolite/OPMDData/Set5/,201621813327_1_bottom.jpg,4160,3120,Mouth1,"[(520.06, 1425.28), (520.06, 893.94), (591.33, 336.68), (727.41, 19.17), (2263.11, 38.61), (2263.11, 38.61), (2379.74, 323.72), (2438.06, 783.78), (2392.7, 1282.72), (2360.31, 1917.74), (2308.47, 2338.92), (2282.55, 2773.07), (2250.15, 2863.78), (1589.22, 1723.35), (1589.22, 1723.35), (1485.54, 1606.71), (1297.63, 1574.31), (1193.95, 1606.71), (1219.87, 1768.7), (1686.41, 3097.05), (1394.82, 3045.22), (1044.92, 2688.83), (597.81, 1749.26)]"
/ssd_scratch/cvit/chocolite/OPMDData/Set5/,235498887325_1_left.jpg,3264,2448,Mouth1,"[(21.75, 157.5), (87.85, 30.4), (2426.54, 15.14), (2441.79, 716.75), (2299.44, 711.67), (2299.44, 711.67), (2172.33, 813.35), (2096.07, 1037.05), (2116.41, 1250.58), (2213.01, 1331.93), (2396.03, 1494.62), (2396.03, 1494.62), (2436.71, 1570.88), (2401.12, 1840.34), (2218.09, 1982.7), (2213.01, 1982.7), (1485.98, 2125.05), (814.87, 2186.06), (184.45, 2069.13), (21.75, 1982.7)]"
/ssd_scratch/cvit/chocolite/OPMDData/Set5/,241880885941_1_right.jpg,4160,3120,Mouth1,"[(1.68, 2980.42), (286.79, 3323.84), (831.08, 3570.07), (1498.5, 3563.6), (2036.32, 3304.41), (2334.39, 3019.3), (2671.33, 2287.08), (2846.29, 1794.62), (2956.44, 608.83), (2956.44, 25.65), (14.64, 32.13)]"
/ssd_scratch/cvit/chocolite/OPMDData/Set5/,241880885941_1_top.jpg,4160,3120,Mouth1,"[(209.03, 1937.18), (209.03, 1457.68), (351.58, 628.27), (435.82, 64.53), (2716.69, 58.05), (2723.17, 58.05), (2949.96, 544.03), (3034.2, 1146.65), (3040.68, 1697.43), (2878.69, 2338.92), (2360.31, 2863.78), (1997.44, 3161.85), (1433.7, 3278.49), (1012.52, 3097.05), (701.49, 2837.86), (494.14, 2656.43), (837.56, 1438.24), (844.04, 1308.64), (837.56, 1302.16), (727.41, 1140.17), (656.13, 1101.29), (558.93, 1204.97), (312.7, 1736.31)]"
/ssd_scratch/cvit/chocolite/OPMDData/Set5/,242717878291_1_left.jpg,1600,1200,Mouth1,"[(10.5, 518.41), (10.5, 518.41), (199.91, 226.82), (199.91, 226.82), (317.04, 82.27), (446.64, 24.95), (449.13, 24.95), (643.52, 17.48), (915.17, 34.92), (1062.21, 134.61), (1107.07, 286.64), (1102.09, 416.23), (1042.27, 605.64), (987.45, 847.38), (962.52, 1094.11), (917.66, 1271.06), (810.5, 1403.15), (541.34, 1485.39), (269.69, 1485.39), (15.48, 1323.4)]"
/ssd_scratch/cvit/chocolite/OPMDData/Set5/,249558416933_1_bottom.jpg,4160,3120,Mouth1,"[(571.89, 1334.56), (766.29, 868.02), (869.96, 505.15), (1103.23, 349.64), (1103.23, 349.64), (1764.17, 356.12), (2152.95, 485.71), (2327.91, 764.34), (2327.91, 764.34), (2412.14, 1211.45), (2360.31, 1483.6), (2327.91, 1515.99), (1660.49, 1321.6), (1582.74, 1334.56), (1576.26, 1412.32), (2282.55, 1645.59), (2282.55, 1645.59), (2152.95, 1801.1), (1718.81, 1885.34), (1245.79, 1781.66), (818.12, 1729.83), (649.65, 1509.51)]"
/ssd_scratch/cvit/chocolite/OPMDData/Set5/,249558416933_1_others.jpg,4160,3120,Mouth1,"[(390.46, 1684.47), (371.02, 1172.57), (383.98, 1153.13), (714.45, 660.67), (753.33, 634.75), (1284.67, 531.07), (1822.49, 472.75), (2457.5, 634.75), (2645.41, 997.61), (2710.21, 1541.91), (2671.33, 1878.86), (2593.58, 2429.64), (2593.58, 2442.6), (2476.94, 2727.71), (1867.84, 2883.22), (1349.46, 2863.78), (785.73, 2721.23), (409.9, 2138.05)]"
/ssd_scratch/cvit/chocolite/OPMDData/Set5/,249558416933_1_others2.jpg,4160,3120,Mouth1,"[(1148.59, 1023.53), (1044.92, 712.5), (1064.36, 505.15), (1362.42, 453.31), (1718.81, 401.48), (2127.03, 524.59), (2386.22, 764.34), (2386.22, 764.34), (2548.22, 1101.29), (2567.66, 1412.32), (2373.26, 1723.35), (2068.72, 2001.98), (1608.65, 2086.21), (1148.59, 1930.7), (1148.59, 1930.7), (1096.75, 1723.35), (1142.11, 1438.24)]"
/ssd_scratch/cvit/chocolite/OPMDData/Set5/,249558416933_1_right.jpg,4160,3120,Mouth1,"[(111.83, 589.39), (105.35, 913.38), (247.91, 1412.32), (811.65, 1567.83), (1362.42, 1671.51), (2120.55, 1515.99), (2120.55, 1515.99), (2444.54, 1360.48), (2444.54, 1347.52), (2651.89, 893.94), (2651.89, 893.94), (2671.33, 453.31), (2522.3, 388.52), (2308.47, 323.72), (2256.63, 129.33), (2263.11, 38.61), (234.95, 25.65), (358.06, 129.33), (358.06, 129.33), (364.54, 362.6), (286.79, 505.15), (286.79, 505.15)]"
/ssd_scratch/cvit/chocolite/OPMDData/Set5/,257243639877_1_bottom.jpg,3264,2448,Mouth1,"[(21.75, 1382.77), (189.53, 1997.95), (194.61, 2003.03), (387.81, 2648.71), (677.6, 3157.13), (743.7, 3233.39), (2218.09, 3213.05), (2340.11, 2979.18), (2355.36, 2913.09), (1089.42, 1575.97), (1058.91, 1474.28), (1180.93, 1423.44), (1389.38, 1443.78), (1516.48, 1520.04), (2401.12, 2226.73), (2436.71, 2125.05), (2426.54, 30.4), (2426.54, 30.4), (16.67, 20.23)]"
/ssd_scratch/cvit/chocolite/OPMDData/Set5/,257243639877_1_left.jpg,3264,2448,Mouth1,"[(11.58, 381.2), (184.45, 30.4), (1928.3, 35.48), (2141.83, 223.59), (2279.1, 538.81), (2401.12, 843.85), (2090.99, 798.1), (2090.99, 798.1), (1877.45, 793.01), (1801.19, 925.2), (1811.36, 1123.48), (1902.87, 1265.84), (2075.73, 1321.76), (2279.1, 1398.02), (2421.45, 1464.12), (2253.68, 1820.0), (2192.67, 2145.39), (2162.16, 2450.43), (2167.25, 2653.8), (2090.99, 2841.91), (1816.45, 3030.02), (1333.45, 3121.54), (886.05, 3075.78), (886.05, 3075.78), (377.64, 2821.57), (21.75, 2425.01)]"
/ssd_scratch/cvit/chocolite/OPMDData/Set5/,257243639877_1_others.jpg,3264,2448,Mouth1,"[(2029.98, 20.23), (2167.25, 599.82), (2340.11, 1220.08), (2258.76, 2064.04), (2116.41, 2897.84), (2116.41, 2897.84), (1948.63, 3238.47), (21.75, 3238.47), (21.75, 3238.47), (6.5, 20.23)]"
/ssd_scratch/cvit/chocolite/OPMDData/Set5/,260117792651_1_left.jpg,4160,3120,Mouth1,"[(545.98, 1626.15), (850.52, 978.17), (1317.07, 693.07), (1731.77, 485.71), (2483.42, 563.47), (2768.53, 764.34), (2904.6, 1321.6), (2962.92, 1626.15), (2962.92, 1626.15), (2671.33, 1567.83), (2671.33, 1567.83), (2541.74, 1580.79), (2438.06, 1814.06), (2438.06, 2047.33), (2619.5, 2274.12), (2736.13, 2345.4), (2742.61, 2345.4), (2645.41, 2604.59), (2548.22, 2922.1), (2289.03, 3187.77), (1407.78, 3174.81), (915.32, 2883.22), (669.09, 2487.96)]"
/ssd_scratch/cvit/chocolite/OPMDData/Set5/,272377072033_1_left.jpg,4160,3120,Mouth1,"[(1.68, 1341.04), (558.93, 712.5), (1031.96, 382.04), (1705.85, 90.45), (2360.31, 148.77), (2593.58, 550.51), (2593.58, 809.7), (2438.06, 1023.53), (2366.79, 1217.93), (2276.07, 1360.48), (2178.87, 1457.68), (2049.28, 1710.39), (2010.4, 2008.45), (2036.32, 2170.45), (2250.15, 2235.25), (2256.63, 2235.25), (2321.43, 2241.73), (2321.43, 2241.73), (2386.22, 2449.08), (2476.94, 2798.98), (2502.86, 3110.01), (2334.39, 3511.76), (1608.65, 3589.51), (1103.23, 3537.68), (1064.36, 3511.76), (338.62, 3220.17), (27.6, 2948.02)]"
/ssd_scratch/cvit/chocolite/OPMDData/Set5/,272377072033_1_others.jpg,4160,3120,Mouth1,"[(221.99, 2183.41), (234.95, 1574.31), (409.9, 842.1), (785.73, 446.84), (1064.36, 304.28), (1375.38, 356.12), (1666.97, 304.28), (2010.4, 349.64), (2548.22, 829.14), (2775.01, 1451.2), (2943.48, 1963.1), (3047.16, 2306.52), (2930.52, 2740.67), (2690.77, 3122.97), (2476.94, 3259.05), (1790.09, 3472.88), (1012.52, 3453.44), (468.22, 3375.68), (118.31, 3174.81), (98.87, 2760.11), (98.87, 2760.11), (189.59, 2468.52)]"
/ssd_scratch/cvit/chocolite/OPMDData/Set5/,282805571370_1_bottom.jpg,4160,1920,Mouth1,"[(17.23, 271.88), (269.94, 32.13), (1604.77, 38.61), (1792.68, 220.04), (1792.68, 220.04), (1889.88, 472.75), (1876.92, 1989.02), (1876.92, 1989.02), (1578.85, 2248.21), (1190.06, 2325.96), (619.84, 2241.73), (205.14, 1956.62), (179.22, 1924.22), (43.15, 1457.68)]"
/ssd_scratch/cvit/chocolite/OPMDData/Set5/,334032616199_1_bottom.jpg,4160,3120,Mouth1,"[(79.43, 38.61), (150.71, 550.51), (176.63, 1120.73), (189.59, 1820.54), (260.87, 2351.88), (824.6, 2811.94), (1517.94, 2766.59), (2334.39, 2449.08), (2353.83, 2449.08), (2865.73, 1904.78), (3099.0, 1671.51), (3086.04, 38.61)]"
/ssd_scratch/cvit/chocolite/OPMDData/Set5/,335012856986_1_left.jpg,1600,1200,Mouth1,"[(179.97, 834.92), (351.93, 426.2), (546.32, 284.14), (548.82, 284.14), (847.88, 191.93), (1166.88, 274.17), (1196.79, 341.46), (1194.3, 545.83), (1194.3, 545.83), (1141.96, 638.04), (1077.16, 795.05), (1064.7, 902.21), (1087.13, 1024.33), (1124.52, 1148.94), (1124.52, 1148.94), (1151.93, 1228.69), (1127.01, 1335.86), (1064.7, 1440.53), (1064.7, 1440.53), (932.62, 1492.87), (753.18, 1542.71), (526.39, 1500.34), (359.41, 1390.68), (199.91, 1049.25)]"
/ssd_scratch/cvit/chocolite/OPMDData/Set5/,335012856986_1_others2.jpg,1600,1200,Mouth1,"[(60.34, 635.54), (199.91, 363.89), (371.87, 181.96), (618.6, 84.77), (852.87, 139.59), (1029.81, 226.82), (1136.98, 281.65), (1196.79, 336.48), (1156.92, 902.21), (1186.82, 1121.53), (1189.31, 1121.53), (1191.81, 1450.5), (1047.26, 1532.74), (977.48, 1582.59), (977.48, 1582.59), (307.07, 1580.09), (307.07, 1580.09), (140.09, 1448.01), (110.19, 1231.18), (47.88, 912.18)]"
/ssd_scratch/cvit/chocolite/OPMDData/Set5/,335012856986_1_top.jpg,1600,1200,Mouth1,"[(5.51, 615.61), (132.62, 476.04), (334.49, 383.83), (506.45, 373.86), (763.15, 438.66), (1059.72, 326.51), (1059.72, 326.51), (1174.36, 363.89), (1196.79, 952.06), (1082.15, 1096.6), (1082.15, 1096.6), (1017.35, 1206.26), (897.73, 1325.89), (655.98, 1330.87), (503.96, 1313.43), (404.27, 1208.75), (309.56, 1193.8), (204.89, 1211.25), (85.26, 1143.96), (8.01, 1099.1)]"
/ssd_scratch/cvit/chocolite/OPMDData/Set5/,336539711472_1_bottom.jpg,4160,3120,Mouth1,"[(8.16, 19.17), (40.55, 2027.89), (241.43, 2617.55), (688.53, 2986.9), (1362.42, 3051.69), (1867.84, 2993.38), (2263.11, 2708.27), (2710.21, 2066.77), (2723.17, 2053.81), (2982.36, 1464.16), (3040.68, 848.58), (3047.16, 32.13)]"
/ssd_scratch/cvit/chocolite/OPMDData/Set5/,336539711472_1_left.jpg,4160,3120,Mouth1,"[(332.14, 45.09), (448.78, 453.31), (597.81, 893.94), (688.53, 1503.03), (779.25, 2423.16), (1012.52, 3019.3), (1330.03, 3259.05), (2049.28, 3362.72), (2567.66, 3310.88), (3027.72, 2999.86), (3099.0, 2792.5), (3086.04, 58.05)]"
/ssd_scratch/cvit/chocolite/OPMDData/Set5/,356825842000_1_left.jpg,4160,3120,Mouth1,"[(21.12, 32.13), (21.12, 3958.86), (306.22, 4114.37), (1245.79, 4081.98), (1978.0, 3660.79), (2185.35, 3278.49), (2191.83, 3259.05), (2515.82, 1989.02), (2561.18, 1600.23), (3086.04, 349.64), (3092.52, 12.69)]"
/ssd_scratch/cvit/chocolite/OPMDData/Set5/,358386669513_1_left.jpg,4160,3120,Mouth1,"[(740.37, 1023.53), (1407.78, 304.28), (1414.26, 304.28), (1874.32, 96.93), (2243.67, 96.93), (2664.85, 271.88), (2800.93, 595.87), (2619.5, 971.69), (2619.5, 971.69), (2541.74, 1386.4), (2541.74, 1386.4), (2334.39, 1613.19), (2023.36, 1995.5), (1634.57, 2196.37), (1129.15, 2118.61), (1116.19, 2112.13), (688.53, 1671.51)]"
/ssd_scratch/cvit/chocolite/OPMDData/Set5/,358386669513_1_right.jpg,4160,3120,Mouth1,"[(844.04, 1412.32), (902.36, 1794.62), (1116.19, 2112.13), (1790.09, 2131.57), (2094.64, 1930.7), (2211.27, 1626.15), (2211.27, 1626.15), (2237.19, 1302.16), (1990.96, 1133.69), (1990.96, 1133.69), (1893.76, 971.69), (1887.28, 971.69), (1893.76, 790.26), (1952.08, 680.11), (1952.08, 680.11), (2282.55, 699.55), (2165.91, 556.99), (1932.64, 479.23), (1582.74, 453.31), (1206.91, 427.4), (986.6, 440.36), (818.12, 563.47), (792.21, 667.15), (986.6, 602.35), (1142.11, 615.31), (1271.71, 718.98), (1271.71, 718.98), (1291.15, 861.54), (1239.31, 1055.93), (1239.31, 1055.93)]"
/ssd_scratch/cvit/chocolite/OPMDData/Set5/,358386669513_1_top.jpg,4160,3120,Mouth1,"[(876.44, 135.81), (999.56, 777.3), (999.56, 777.3), (1019.0, 1308.64), (1239.31, 1833.5), (1420.74, 1690.95), (1550.34, 1690.95), (1699.37, 1846.46), (1699.37, 1846.46), (1725.29, 1943.66), (1725.29, 1943.66), (1757.69, 1950.14), (1809.53, 1690.95), (1880.8, 1567.83), (1958.6, 1541.9), (2075.2, 1535.4), (2191.8, 1554.9), (2276.07, 1600.23), (2276.07, 1606.71), (2386.22, 1690.95), (2574.14, 1464.16), (2677.81, 1334.56), (2891.65, 874.5), (2937.0, 427.4), (2690.77, 83.97), (2593.58, 38.61), (973.64, 32.13)]"
/ssd_scratch/cvit/chocolite/OPMDData/Set5/,384489566725_1_left.jpg,4160,1920,Mouth1,"[(23.71, 420.92), (393.05, 19.17), (1889.88, 38.61), (1889.88, 1153.13), (1753.8, 1263.28), (1708.44, 1464.16), (1779.72, 1768.7), (1883.4, 1917.74), (1799.16, 2105.65), (1799.16, 2105.65), (1760.28, 2429.64), (1695.48, 2824.9), (1572.37, 3148.89), (1261.34, 3362.72), (853.12, 3375.68), (853.12, 3375.68), (457.85, 3200.73), (23.71, 2915.62)]"
/ssd_scratch/cvit/chocolite/OPMDData/Set5/,386117547652_1_others.jpg,4160,3120,Mouth1,"[(14.64, 174.69), (98.87, 38.61), (2911.08, 32.13), (2911.08, 32.13), (3086.04, 284.84), (3086.04, 284.84), (3099.0, 2818.42), (2846.29, 3090.57), (2379.74, 3317.36), (1712.33, 3446.96), (818.12, 3356.24), (27.6, 2993.38)]"
/ssd_scratch/cvit/chocolite/OPMDData/Set5/,386117547652_1_others2.jpg,4160,3120,Mouth1,"[(40.55, 531.07), (111.83, 602.35), (481.18, 479.23), (1278.19, 939.3), (1796.57, 1276.24), (2405.66, 1645.59), (2664.85, 1820.54), (2606.54, 2131.57), (2282.55, 2403.72), (1828.97, 2669.39), (1394.82, 2811.94), (973.64, 2948.02), (772.77, 2863.78), (740.37, 2455.56), (545.98, 2442.6), (312.7, 2423.16), (53.51, 2371.32), (47.03, 2287.08), (390.46, 2189.89), (649.65, 1989.02), (669.09, 1827.02), (513.58, 1645.59), (507.1, 1645.59), (286.79, 1418.8), (27.6, 1075.37), (27.6, 1075.37)]"
/ssd_scratch/cvit/chocolite/OPMDData/Set5/,397870942013_1_left.jpg,4160,1920,Mouth1,"[(1844.52, 12.69), (1844.52, 12.69), (1896.36, 142.29), (1889.88, 1289.2), (1805.64, 1431.76), (1799.16, 1749.26), (1870.44, 1950.14), (1876.92, 1950.14), (1909.31, 1989.02), (1909.31, 3395.12), (1682.52, 3550.64), (1112.31, 3770.95), (801.28, 3641.35), (179.22, 3259.05), (23.71, 3155.37), (23.71, 32.13), (23.71, 32.13)]"
/ssd_scratch/cvit/chocolite/OPMDData/Set5/,413197962065_1_left.jpg,4160,3120,Mouth1,"[(345.1, 1412.32), (487.66, 926.34), (824.6, 304.28), (1193.95, 64.53), (2165.91, 51.57), (2165.91, 51.57), (2561.18, 330.2), (2794.45, 893.94), (2962.92, 1373.44), (2619.5, 1328.08), (2405.66, 1379.92), (2308.47, 1652.07), (2379.74, 1898.3), (2561.18, 2086.21), (2638.93, 2131.57), (2535.26, 2403.72), (2360.31, 2624.03), (1971.52, 2850.82), (1660.49, 2857.3), (1206.91, 2656.43), (695.01, 2338.92), (377.5, 1807.58)]"
/ssd_scratch/cvit/chocolite/OPMDData/Set5/,426025061943_1_left.jpg,4160,3120,Mouth1,"[(779.25, 1827.02), (1025.48, 1282.72), (1362.42, 816.18), (1543.86, 628.27), (1893.76, 621.79), (2276.07, 770.82), (2457.5, 1185.53), (2425.1, 1535.43), (2470.46, 1833.5), (2327.91, 2008.45), (2360.31, 2423.16), (2451.02, 2507.4), (2463.98, 2695.31), (2457.5, 2909.14), (2353.83, 3038.74), (1835.45, 3122.97), (1245.79, 2844.34), (753.33, 2241.73)]"
/ssd_scratch/cvit/chocolite/OPMDData/Set5/,427627611516_1_bottom.jpg,1600,1200,Mouth1,"[(259.72, 670.44), (304.58, 421.21), (389.31, 221.84), (501.46, 117.16), (750.68, 64.83), (965.02, 82.27), (1131.99, 176.98), (1191.81, 291.62), (1184.33, 1368.26), (1184.33, 1368.26), (1067.2, 1445.51), (882.77, 1497.85), (695.86, 1497.85), (484.02, 1420.59), (309.56, 1163.89), (237.29, 844.89)]"
/ssd_scratch/cvit/chocolite/OPMDData/Set5/,427627611516_1_left.jpg,1600,1200,Mouth1,"[(177.48, 732.74), (247.26, 550.81), (436.67, 234.3), (730.75, 144.58), (947.57, 124.64), (1146.95, 194.42), (1191.81, 241.78), (1191.81, 802.52), (1156.92, 924.64), (1127.01, 1109.07), (1077.16, 1288.5), (1032.3, 1370.75), (783.08, 1430.56), (623.58, 1440.53), (429.19, 1330.87), (274.67, 1074.17), (189.94, 912.18), (189.94, 912.18)]"
/ssd_scratch/cvit/chocolite/OPMDData/Set5/,427627611516_1_others2.jpg,1600,1200,Mouth1,"[(120.16, 677.91), (105.2, 530.87), (105.2, 411.3), (120.16, 331.49), (239.78, 54.86), (239.78, 54.86), (292.12, 14.98), (292.12, 14.98), (935.11, 22.46), (1037.29, 94.73), (1074.67, 234.3), (1124.52, 433.68), (1166.88, 593.18), (1164.39, 782.59), (1164.39, 782.59), (1151.93, 1014.36), (1127.01, 1136.48), (1127.01, 1136.48), (955.05, 1261.09), (655.98, 1340.84), (489.0, 1330.87), (354.42, 1263.58), (217.35, 1104.08), (217.35, 1104.08), (170.0, 962.02), (170.0, 962.02), (85.26, 949.56), (60.34, 812.49), (112.68, 710.31)]"
/ssd_scratch/cvit/chocolite/OPMDData/Set5/,432028053554_1_right.jpg,4160,3120,Mouth1,"[(578.37, 524.59), (740.37, 1204.97), (986.6, 1561.35), (1725.29, 1846.46), (2276.07, 1904.78), (2651.89, 1742.79), (2813.89, 1179.05), (2878.69, 693.07), (2878.69, 686.59), (2891.65, 556.99), (2716.69, 446.84), (2710.21, 427.4), (2412.14, 265.4), (2250.15, 200.6), (2269.59, 32.13), (1135.63, 64.53), (869.96, 148.77), (746.85, 278.36), (695.01, 446.84)]"
/ssd_scratch/cvit/chocolite/OPMDData/Set5/,433246286198_1_left.jpg,4160,1920,Mouth1,"[(17.23, 608.83), (211.62, 330.2), (211.62, 330.2), (496.73, 116.37), (496.73, 116.37), (652.24, 58.05), (963.27, 71.01), (1144.7, 187.64), (1429.81, 278.36), (1585.33, 699.55), (1585.33, 699.55), (1831.56, 1230.88), (1870.44, 1561.35), (1494.61, 1464.16), (1416.85, 1457.68), (1345.58, 1574.31), (1365.02, 1703.91), (1365.02, 1703.91), (1390.93, 1820.54), (1481.65, 1911.26), (1637.17, 1976.06), (1637.17, 1976.06), (1857.48, 2138.05), (1889.88, 2189.89), (1682.52, 2254.69), (1235.42, 2358.36), (853.12, 2390.76), (853.12, 2390.76), (464.33, 2189.89), (36.67, 1749.26)]"
/ssd_scratch/cvit/chocolite/OPMDData/Set5/,433279954307_1_left.jpg,3264,2448,Mouth1,"[(16.67, 10.06), (21.75, 2404.68), (220.03, 2735.14), (550.5, 3019.85), (941.98, 3213.05), (941.98, 3213.05), (1557.16, 3202.88), (1907.96, 2953.76), (2187.59, 2653.8), (2380.78, 2267.41), (2441.79, 2125.05), (2416.37, 1804.75), (2085.9, 1616.64), (1928.3, 1372.6), (1948.63, 1072.64), (1948.63, 1072.64), (2085.9, 904.86), (2304.52, 889.61), (2426.54, 955.7), (2421.45, 30.4)]"
/ssd_scratch/cvit/chocolite/OPMDData/Set5/,451870870661_1_left.jpg,4160,3120,Mouth1,"[(21.12, 2008.46), (189.59, 2513.88), (545.98, 2805.46), (1232.83, 2876.74), (1854.88, 2526.84), (2418.62, 1956.62), (2852.77, 1444.72), (2898.12, 900.42), (2632.45, 271.88), (2412.14, 32.13), (27.6, 32.13)]"
/ssd_scratch/cvit/chocolite/OPMDData/Set5/,455059397808_1_right.jpg,3264,2448,Mouth1,"[(204.78, 1448.86), (123.44, 1103.14), (133.6, 676.08), (133.6, 660.83), (336.97, 355.78), (336.97, 355.78), (636.93, 193.09), (987.73, 172.75), (1236.86, 96.49), (1618.16, 193.09), (1811.36, 493.05), (1811.36, 498.13), (1862.2, 777.76), (1831.7, 1204.83), (1841.87, 1611.56), (1867.29, 2053.87), (1867.29, 2114.88), (1867.29, 2114.88), (1160.59, 1479.37), (1008.07, 1474.28), (906.39, 1494.62), (825.04, 1550.55), (825.04, 1550.55), (936.89, 1697.99), (1277.53, 2150.47), (1653.75, 2557.2), (1577.49, 2699.56), (1363.96, 2770.73), (926.73, 2714.81), (916.56, 2714.81), (738.61, 2562.28), (738.61, 2562.28), (509.83, 2186.06), (357.3, 1820.0)]"
/ssd_scratch/cvit/chocolite/OPMDData/Set5/,458725543228_1_left.jpg,4160,1920,Mouth1,"[(315.3, 1846.5), (464.3, 1522.5), (814.24, 816.18), (814.24, 816.18), (1151.18, 453.31), (1572.37, 323.72), (1851.0, 472.75), (1902.84, 641.23), (1909.31, 1483.6), (1740.84, 1619.67), (1701.96, 1878.86), (1779.72, 2040.85), (1902.84, 2073.25), (1902.84, 2073.25), (1883.4, 3226.65), (1883.4, 3226.65), (1669.56, 3369.2), (1319.66, 3537.68), (820.72, 3362.72), (814.24, 3362.72), (438.41, 2948.02), (231.06, 2649.95), (205.14, 2293.56)]"
/ssd_scratch/cvit/chocolite/OPMDData/Set5/,463218628400_1_left.jpg,4160,3120,Mouth1,"[(643.17, 38.61), (520.06, 278.36), (364.54, 803.22), (319.18, 1457.68), (364.54, 1989.02), (371.02, 1995.5), (617.25, 2708.27), (1213.39, 3174.81), (1628.09, 3297.93), (2139.99, 3071.13), (2425.1, 2708.27), (2613.02, 2170.45), (2613.02, 2170.45), (2327.91, 2008.45), (2178.87, 1762.22), (2217.75, 1541.91), (2276.07, 1470.64), (2476.94, 1490.07), (2522.3, 1483.6), (2535.26, 764.34), (2561.18, 220.04), (2515.82, 45.09), (2515.82, 45.09)]"
/ssd_scratch/cvit/chocolite/OPMDData/Set5/,467627772170_1_left.jpg,4160,3120,Mouth1,"[(79.43, 712.5), (79.43, 712.5), (221.99, 1185.53), (526.54, 1282.72), (526.54, 1282.72), (792.21, 1464.16), (844.04, 1710.39), (675.57, 2066.77), (455.26, 2125.09), (455.26, 2125.09), (254.39, 2228.77), (377.5, 2475.0), (377.5, 2721.23), (377.5, 2721.23), (260.87, 3317.36), (358.06, 3868.14), (358.06, 3868.14), (526.54, 4107.89), (2567.66, 4107.89), (3021.24, 3693.19), (3111.96, 3531.2), (3092.52, 12.69), (14.64, 12.69), (14.64, 12.69), (27.6, 608.83)]"
/ssd_scratch/cvit/chocolite/OPMDData/Set5/,467627772170_1_others2.jpg,4160,3120,Mouth1,"[(53.51, 1464.16), (390.46, 971.69), (396.94, 952.26), (740.37, 395.0), (753.33, 382.04), (1187.47, 200.6), (1226.35, 194.12), (1725.29, 64.53), (2360.31, 174.69), (2366.79, 174.69), (2697.25, 414.44), (2697.25, 414.44), (2807.41, 699.55), (2807.41, 712.5), (2697.25, 1081.85), (2425.1, 1425.28), (2373.26, 1626.15), (2813.89, 1956.62), (2852.77, 2060.29), (2580.62, 2222.29), (2580.62, 2222.29), (2463.98, 2442.6), (2489.9, 2662.91), (2613.02, 2786.03), (2613.02, 2786.03), (2476.94, 2876.74), (2444.54, 3019.3), (2425.1, 3168.33), (2425.1, 3168.33), (2360.31, 3291.45), (2042.8, 3505.28), (1362.42, 3628.39), (792.21, 3459.92), (358.06, 3045.22), (27.6, 2319.48)]"
/ssd_scratch/cvit/chocolite/OPMDData/Set5/,471579109246_1_bottom.jpg,4160,3120,Mouth1,"[(306.22, 2306.52), (390.46, 1263.28), (662.61, 693.07), (1368.9, 45.09), (1368.9, 45.09), (2949.96, 45.09), (3086.04, 207.08), (3092.52, 2313.0), (2956.44, 2643.47), (2865.73, 3006.34), (2749.09, 3388.64), (2412.14, 3796.87), (2127.03, 3861.66), (1414.26, 3822.79), (895.88, 3589.51), (429.34, 3051.69)]"
/ssd_scratch/cvit/chocolite/OPMDData/Set5/,471579109246_1_left.jpg,4160,3120,Mouth1,"[(14.64, 459.79), (312.7, 38.61), (2276.07, 64.53), (2762.05, 453.31), (3073.08, 790.26), (3111.96, 874.5), (3099.0, 3453.44), (2872.21, 3615.43), (2872.21, 3615.43), (2438.06, 3913.5), (2101.12, 4101.41), (2101.12, 4101.41), (960.68, 4133.81), (649.65, 3842.22), (442.3, 3278.49), (47.03, 2475.0), (47.03, 2475.0), (21.12, 2274.12), (241.43, 2027.89), (306.22, 1755.74), (209.03, 1483.6), (27.6, 1302.16), (27.6, 1302.16)]"
/ssd_scratch/cvit/chocolite/OPMDData/Set5/,482761552670_1_bottom.jpg,4160,3120,Mouth1,"[(27.59, 382.04), (533.02, 142.29), (993.08, 187.64), (1790.09, 297.8), (2729.65, 220.04), (3092.52, 595.87), (3079.56, 3323.84), (2775.01, 3544.16), (2476.94, 3829.26), (2230.71, 3939.42), (1809.53, 4036.62), (1317.07, 4101.41), (753.33, 3926.46), (338.62, 3615.43), (47.03, 3259.05)]"
/ssd_scratch/cvit/chocolite/OPMDData/Set5/,482761552670_1_left.jpg,4160,3120,Mouth1,"[(40.55, 550.51), (40.55, 550.51), (338.62, 213.56), (999.56, 77.49), (1654.01, 32.13), (2146.47, 245.96), (2470.46, 531.07), (2548.22, 997.61), (2541.74, 1405.84), (2340.87, 1755.74), (2152.95, 1846.46), (2068.72, 2053.81), (2081.68, 2345.4), (2081.68, 2345.4), (2483.42, 2507.4), (2690.77, 2889.7), (2697.25, 2896.18), (2749.09, 3323.84), (2671.33, 3803.35), (2373.26, 4094.93), (2373.26, 4094.93), (1090.27, 4081.98), (234.95, 3855.18), (40.55, 3693.19)]"
/ssd_scratch/cvit/chocolite/OPMDData/Set5/,482761552670_1_right.jpg,4160,3120,Mouth1,"[(27.59, 12.69), (27.6, 2552.75), (332.14, 2941.54), (669.09, 3317.36), (947.72, 3019.3), (947.72, 3019.3), (1155.07, 2889.7), (1155.07, 2889.7), (1466.1, 2831.38), (1466.1, 2831.38), (1874.32, 3032.26), (1880.8, 3032.26), (2062.24, 3278.49), (2062.24, 3278.49), (2535.26, 2948.02), (2535.26, 2948.02), (3092.52, 2189.89), (3092.52, 2189.89), (3086.04, 32.13)]"
/ssd_scratch/cvit/chocolite/OPMDData/Set5/,482761552670_1_top.jpg,4160,3120,Mouth1,"[(79.43, 932.82), (59.99, 1665.03), (338.62, 2811.94), (338.62, 2811.94), (1381.86, 2993.38), (2386.22, 2922.1), (3092.52, 2604.59), (3066.6, 868.02), (2619.5, 511.63), (2172.39, 271.88), (1854.88, 116.37), (1569.78, 116.37), (1219.87, 38.61), (1219.87, 38.61), (1336.5, 375.56), (1297.63, 537.55), (1219.87, 822.66), (960.68, 978.17), (597.81, 1042.97), (351.58, 997.61)]"
/ssd_scratch/cvit/chocolite/OPMDData/Set5/,485421444050_1_left.jpg,4160,3120,Mouth1,"[(688.53, 1645.59), (850.52, 945.78), (1381.86, 589.39), (1990.96, 505.15), (2684.29, 790.26), (2742.61, 1217.93), (2671.33, 1626.15), (2671.33, 1626.15), (2671.33, 1807.58), (2438.06, 1852.94), (2438.06, 1852.94), (2360.31, 2073.25), (2386.22, 2280.6), (2386.22, 2280.6), (2522.3, 2442.6), (2412.14, 2837.86), (2412.14, 2837.86), (2425.1, 2954.5), (2425.1, 2960.98), (2282.55, 3291.45), (1893.76, 3446.96), (1479.06, 3414.56), (1479.06, 3414.56), (908.84, 2993.38), (675.57, 2112.13)]"
/ssd_scratch/cvit/chocolite/OPMDData/Set5/,494519157975_1_others2.jpg,4160,3120,Mouth1,"[(27.59, 1341.04), (312.7, 816.18), (1129.15, 38.61), (2904.6, 38.61), (2904.6, 38.61), (2878.69, 323.72), (2677.81, 751.38), (2619.5, 1004.09), (2690.77, 1068.89), (2463.98, 1295.68), (2334.39, 1412.32), (2373.26, 1632.63), (2742.61, 1788.14), (3105.48, 1801.1), (3099.0, 1891.82), (2891.65, 1976.06), (2502.86, 2086.21), (2399.18, 2086.21), (2444.54, 2241.73), (2619.5, 2371.32), (2625.98, 2481.48), (2386.22, 2760.11), (2379.74, 2766.59), (1530.9, 2902.66), (831.08, 2727.71), (831.08, 2727.71), (455.26, 2481.48), (27.6, 1989.02)]"
/ssd_scratch/cvit/chocolite/OPMDData/Set5/,495930347175_1_left.jpg,4160,1920,Mouth1,"[(23.71, 420.92), (347.69, 45.09), (1889.88, 19.17), (1889.88, 19.17), (1902.84, 783.78), (1663.08, 822.66), (1578.85, 958.74), (1501.09, 1192.01), (1501.09, 1192.01), (1527.01, 1457.68), (1676.04, 1723.35), (1676.04, 1723.35), (1902.84, 1788.14), (1883.4, 3122.97), (1371.5, 3323.84), (1371.5, 3323.84), (827.2, 3174.81), (153.3, 2889.7), (146.82, 2889.7), (17.23, 2837.86), (17.23, 2837.86)]"
/ssd_scratch/cvit/chocolite/OPMDData/Set5/,497739806167_1_left.jpg,4160,3120,Mouth1,"[(2957.19, -0.0), (3001.8, 401.48), (3073.08, 829.14), (3086.04, 1172.57), (2541.74, 1120.73), (2340.87, 1133.69), (2295.51, 1328.08), (2334.39, 1528.95), (2638.93, 1716.87), (3105.48, 1807.58), (3105.48, 1807.58), (3008.28, 2021.41), (2619.5, 2462.04), (2625.98, 2468.52), (2198.31, 2980.42), (1841.93, 3168.33), (1258.75, 3336.8), (1258.75, 3336.8), (740.37, 3382.16), (118.31, 3155.37), (14.64, 2993.38), (21.12, 32.13), (21.12, 32.13), (2447.03, 0.0)]"
/ssd_scratch/cvit/chocolite/OPMDData/Set5/,497739806167_3_others.jpg,4160,3120,Mouth1,"[(21.12, 3434.0), (215.51, 3544.16), (669.09, 3693.19), (1368.9, 3803.35), (2146.47, 3673.75), (2638.93, 3349.76), (3086.04, 2714.75), (3105.48, 38.61), (3105.48, 38.61), (14.64, 19.17)]"
/ssd_scratch/cvit/chocolite/OPMDData/Set5/,504078756384_1_left.jpg,4160,1920,Mouth1,"[(0.0, 548.61), (315.3, 278.36), (749.44, 90.45), (1144.7, 77.49), (1779.72, 122.85), (1896.36, 142.29), (1889.88, 2293.56), (1889.88, 2293.56), (1799.16, 2429.64), (1578.85, 2701.79), (1131.74, 2870.26), (723.52, 2857.3), (723.52, 2857.3), (153.3, 2734.19), (23.71, 2656.43), (0.0, 730.23)]"
/ssd_scratch/cvit/chocolite/OPMDData/Set5/,524926366560_1_left.jpg,4160,1920,Mouth1,"[(23.71, 362.6), (250.5, 32.13), (250.5, 32.13), (1766.76, 38.61), (1766.76, 38.61), (1818.6, 343.16), (1896.36, 887.46), (1896.36, 1094.81), (1695.48, 1062.41), (1617.73, 1230.88), (1617.73, 1237.36), (1714.92, 1567.83), (1902.84, 1742.79), (1902.84, 1742.79), (1909.31, 2241.73), (1468.69, 2449.08), (723.52, 2345.4), (23.71, 1950.14)]"
/ssd_scratch/cvit/chocolite/OPMDData/Set5/,525956350027_1_bottom.jpg,4160,3120,Mouth1,"[(312.7, 686.59), (221.99, 1334.56), (286.79, 1924.22), (312.7, 2202.85), (1330.03, 2215.81), (1647.53, 2254.69), (1945.6, 2325.96), (1764.17, 2410.2), (1317.07, 2468.52), (934.76, 2462.04), (351.58, 2494.44), (351.58, 2494.44), (455.26, 2805.46), (740.37, 3077.61), (1323.55, 3284.97), (1945.6, 3200.73), (2360.31, 3025.78), (2373.26, 3025.78), (2574.14, 2760.11), (2742.61, 1885.34), (2749.09, 1878.86), (2859.25, 1328.08), (2865.73, 1302.16), (2716.69, 375.56), (2327.91, 58.05), (792.21, 51.57), (442.3, 284.84)]"
/ssd_scratch/cvit/chocolite/OPMDData/Set5/,525956350027_1_left.jpg,4160,3120,Mouth1,"[(27.59, 32.13), (21.12, 2397.24), (772.77, 2740.67), (1479.06, 3103.53), (2528.78, 3349.76), (3086.04, 3310.88), (3079.56, 19.17), (3079.56, 19.17)]"
/ssd_scratch/cvit/chocolite/OPMDData/Set5/,525956350027_1_others.jpg,4160,3120,Mouth1,"[(40.6, 51.6), (21.12, 2157.49), (85.91, 2688.83), (306.22, 3194.25), (772.77, 3511.76), (1492.02, 3725.59), (2314.95, 3693.19), (2949.96, 3116.49), (3105.48, 2837.86), (3099.0, 25.65)]"
/ssd_scratch/cvit/chocolite/OPMDData/Set5/,525956350027_1_others2.jpg,4160,3120,Mouth1,"[(494.14, 1839.98), (1044.92, 997.61), (1906.72, 420.92), (2619.5, 226.52), (2762.05, 304.28), (2710.21, 602.35), (2638.93, 699.55), (2483.42, 868.02), (2075.2, 1217.93), (1816.01, 1652.07), (1816.01, 1710.39), (2198.31, 1852.94), (2483.42, 2014.93), (2677.81, 2274.12), (2723.17, 2423.16), (2593.58, 2649.95), (2334.39, 2708.27), (2379.74, 2993.38), (2327.91, 3304.41), (2172.39, 3608.95), (1699.37, 3595.99), (1168.03, 3375.68), (520.06, 2727.71), (455.26, 2241.73)]"
/ssd_scratch/cvit/chocolite/OPMDData/Set5/,525956350027_1_right.jpg,4160,3120,Mouth1,"[(40.55, 1703.91), (202.55, 2261.17), (545.98, 2682.35), (1446.66, 2792.5), (2386.22, 2863.78), (2859.25, 2351.88), (3001.8, 1671.51), (2690.77, 1438.24), (2451.02, 1328.08), (2386.22, 1133.69), (2444.54, 939.3), (2457.5, 926.34), (2736.13, 790.26), (2982.36, 738.42), (2567.66, 304.28), (2049.28, 109.89), (1699.37, 38.61), (824.6, 32.13), (863.48, 239.48), (675.57, 511.63), (332.14, 757.86), (79.43, 880.98)]"
/ssd_scratch/cvit/chocolite/OPMDData/Set5/,525956350027_1_top.jpg,4160,3120,Mouth1,"[(209.03, 2416.68), (241.43, 1956.62), (254.39, 1438.24), (558.93, 634.75), (1031.96, 12.69), (2826.85, 19.17), (3099.0, 278.36), (3086.04, 2915.62), (2684.29, 3019.3), (2347.35, 3161.85), (2204.79, 3297.93), (2107.6, 3505.28), (2127.03, 3654.31), (1634.57, 3563.6), (1388.3, 3524.7), (1148.6, 3479.4), (980.12, 3414.56), (980.12, 3414.56), (850.52, 2967.46), (520.06, 2611.07)]"
/ssd_scratch/cvit/chocolite/OPMDData/Set5/,533948819040_1_left.jpg,4160,3120,Mouth1,"[(27.59, 1515.99), (435.82, 731.94), (863.48, 194.12), (1142.11, 19.17), (2658.37, 64.53), (2703.73, 310.76), (2703.73, 310.76), (2671.33, 621.79), (2580.62, 1004.09), (2412.14, 1230.88), (2431.58, 1956.62), (2431.58, 1956.62), (2502.86, 2423.16), (2716.69, 2747.15), (2664.85, 3291.45), (2664.85, 3291.45), (2541.74, 3602.47), (2198.31, 3745.03), (1414.26, 3751.51), (513.58, 3459.92), (40.55, 2883.22)]"
/ssd_scratch/cvit/chocolite/OPMDData/Set5/,533948819040_1_others.jpg,4160,3120,Mouth1,"[(150.7, 2332.4), (228.5, 1755.8), (319.18, 1354.0), (772.77, 835.62), (785.73, 822.66), (1161.55, 770.82), (1168.03, 770.82), (1576.26, 783.78), (2010.4, 809.7), (2431.58, 1133.69), (2852.77, 1846.46), (2859.25, 1846.46), (2988.84, 2475.0), (2988.84, 2870.26), (2800.93, 3550.64), (2800.93, 3550.64), (2645.41, 4004.22), (2451.02, 4120.85), (2451.02, 4120.85), (1064.36, 4133.81), (623.73, 3868.14), (234.95, 3278.49), (131.27, 2714.75)]"
/ssd_scratch/cvit/chocolite/OPMDData/Set5/,544492290815_1_left.jpg,4160,3120,Mouth1,"[(474.7, 32.13), (442.3, 271.88), (623.73, 939.3), (727.41, 1444.72), (727.41, 1444.72), (993.08, 2319.48), (993.08, 2319.48), (1304.1, 2488.0), (1576.3, 2500.9), (1965.04, 2397.24), (2392.7, 1775.18), (2561.18, 1204.97), (2081.68, 38.61)]"
/ssd_scratch/cvit/chocolite/OPMDData/Set5/,544492290815_1_others.jpg,4160,3120,Mouth1,"[(688.53, 1243.84), (779.25, 446.84), (779.25, 433.88), (1051.4, 38.61), (2451.02, 45.09), (2677.81, 466.27), (2697.25, 1179.05), (2632.45, 1716.87), (2282.55, 2215.81), (1867.84, 2572.19), (1427.22, 2604.59), (928.28, 2293.56), (928.28, 2293.56), (669.09, 1742.79), (669.09, 1742.79)]"
/ssd_scratch/cvit/chocolite/OPMDData/Set5/,544966494548_1_bottom.jpeg,1032,774,Mouth1,"[(11.58, 143.08), (11.58, 143.08), (124.11, 53.06), (124.11, 53.06), (244.67, 49.84), (281.6, 49.8), (362.0, 59.5), (419.9, 64.3), (509.9, 61.09), (677.08, 165.58), (722.09, 315.08), (723.7, 315.08), (755.85, 485.47), (770.31, 667.11), (770.31, 667.11), (742.99, 884.12), (742.99, 884.12), (604.74, 925.92), (604.74, 925.92), (418.28, 927.52), (275.21, 922.7), (120.89, 779.64), (120.89, 779.64), (6.76, 628.53)]"
/ssd_scratch/cvit/chocolite/OPMDData/Set5/,575850598215_1_bottom.jpg,4160,1920,Mouth1,"[(127.38, 1431.76), (127.38, 1431.76), (166.26, 712.5), (328.26, 45.09), (334.74, 45.09), (1889.88, 12.69), (1889.88, 12.69), (1902.84, 1820.54), (982.71, 1606.71), (982.71, 1606.71), (904.95, 1632.63), (950.31, 1723.35), (1326.14, 1820.54), (1863.96, 1943.66), (1863.96, 1943.66), (1604.77, 2500.92), (950.31, 2624.03), (483.77, 2449.08), (205.14, 1827.02)]"
/ssd_scratch/cvit/chocolite/OPMDData/Set5/,576497657175_1_left.jpg,4160,1920,Mouth1,"[(10.75, 1600.23), (224.58, 939.3), (697.6, 485.71), (1028.07, 297.8), (1416.85, 369.08), (1650.12, 537.55), (1708.44, 1004.09), (1624.21, 1451.2), (1539.97, 1976.06), (1637.17, 2377.8), (1643.65, 2390.76), (1689.0, 2721.23), (1695.48, 2727.71), (1604.77, 2948.02), (1604.77, 2948.02), (1319.66, 3122.97), (406.01, 3045.22), (101.46, 2585.15), (94.98, 2585.15)]"
/ssd_scratch/cvit/chocolite/OPMDData/Set5/,578228356092_1_bottom.jpg,4160,3120,Mouth1,"[(27.59, 660.67), (371.02, 343.16), (889.4, 187.64), (1874.32, 271.88), (2613.02, 634.75), (2904.6, 1328.08), (2885.17, 2014.93), (2794.45, 2669.39), (2418.62, 3544.16), (2010.4, 3764.47), (649.65, 3693.19), (53.51, 3272.01)]"
/ssd_scratch/cvit/chocolite/OPMDData/Set5/,578228356092_1_left.jpg,4160,3120,Mouth1,"[(565.41, 1295.68), (1051.4, 757.86), (1816.01, 712.5), (2386.22, 926.34), (2787.97, 1081.85), (2794.45, 1354.0), (2794.45, 1354.0), (2509.34, 1204.97), (2217.75, 1101.29), (2114.07, 1068.89), (1990.96, 1179.05), (1984.48, 1399.36), (1984.48, 1399.36), (2185.35, 1619.67), (2185.35, 1619.67), (2509.34, 1878.86), (2457.5, 2183.41), (2457.5, 2183.41), (2496.38, 2436.12), (2412.14, 2714.75), (2152.95, 2831.38), (1271.71, 2792.5), (662.6, 2274.1), (526.5, 1762.2)]"
/ssd_scratch/cvit/chocolite/OPMDData/Set5/,578228356092_1_others2.jpg,4160,3120,Mouth1,"[(539.5, 1768.7), (831.08, 1153.13), (837.56, 1153.13), (1155.07, 816.18), (1628.09, 660.67), (1867.84, 816.18), (1867.84, 816.18), (1654.01, 1140.17), (1654.01, 1140.17), (1660.49, 1341.04), (2042.8, 1665.03), (2211.27, 1911.26), (2211.27, 1911.26), (2243.67, 2235.25), (2243.67, 2235.25), (2165.91, 2475.0), (2165.91, 2475.0), (2101.12, 2760.11), (2101.12, 2760.11), (1984.48, 2889.7), (1971.52, 2896.18), (1602.17, 3019.3), (921.8, 2896.18), (597.81, 2403.72)]"
/ssd_scratch/cvit/chocolite/OPMDData/Set5/,578228356092_1_right.jpg,4160,3120,Mouth1,"[(118.31, 790.26), (131.27, 1302.16), (403.42, 2228.77), (895.88, 2611.07), (1155.07, 2747.15), (1615.13, 2662.91), (2159.43, 2753.63), (2755.57, 2442.6), (3014.76, 1937.18), (3014.76, 1937.18), (2898.12, 1723.35), (2898.12, 1716.87), (2969.4, 1483.6), (2962.92, 1334.56), (2962.92, 1334.56), (2768.53, 1101.29), (2787.97, 874.5), (2924.04, 822.66), (3008.28, 693.07), (2852.77, 556.99), (2606.54, 479.23), (1887.28, 239.48), (1284.67, 12.69), (1161.55, 90.45), (1161.55, 90.45), (960.68, 297.8), (882.92, 556.99), (772.77, 738.42), (772.77, 738.42), (442.3, 868.02), (442.3, 868.02)]"
/ssd_scratch/cvit/chocolite/OPMDData/Set5/,584809745983_1_left.jpg,4160,3120,Mouth1,"[(183.11, 939.3), (371.02, 712.5), (908.84, 537.55), (1420.74, 576.43), (2081.68, 906.9), (2081.68, 913.38), (2541.74, 1347.52), (2632.45, 1801.1), (2412.14, 2189.89), (2062.24, 2403.72), (2062.24, 2410.2), (1349.46, 2546.27), (921.8, 2287.08), (299.74, 1801.1), (507.1, 1593.75), (617.25, 1302.16), (617.25, 1302.16), (584.85, 1023.53), (461.74, 945.78)]"
/ssd_scratch/cvit/chocolite/OPMDData/Set5/,591524969497_1_left.jpg,4160,3120,Mouth1,"[(21.12, 2870.26), (286.79, 2986.9), (695.01, 3129.45), (695.01, 3129.45), (1446.66, 2948.02), (1887.28, 2624.03), (1887.28, 2611.07), (2029.84, 1885.34), (2088.16, 1263.28), (2463.98, 32.13), (2463.98, 32.13), (27.6, 38.61)]"
/ssd_scratch/cvit/chocolite/OPMDData/Set5/,593646397758_1_left.jpg,4160,3120,Mouth1,"[(189.59, 1846.46), (189.59, 1846.46), (299.74, 1172.57), (565.41, 706.03), (1226.35, 220.04), (1906.72, 83.97), (2651.89, 271.88), (2651.89, 271.88), (2775.01, 686.59), (2690.77, 1211.45), (2690.77, 1211.45), (2593.58, 1503.03), (2373.26, 1567.83), (2373.26, 1567.83), (2172.39, 1768.7), (2198.31, 1930.7), (2198.31, 1930.7), (2217.75, 2060.29), (2217.75, 2060.29), (2606.54, 2105.65), (2600.06, 2377.8), (2593.58, 2695.31), (2301.99, 2960.98), (1725.29, 3058.17), (494.14, 2546.27)]"
/ssd_scratch/cvit/chocolite/OPMDData/Set5/,597119268272_1_bottom.jpg,4160,3120,Mouth1,"[(461.74, 1639.11), (461.74, 1639.11), (461.74, 1101.29), (461.74, 1094.81), (558.93, 556.99), (565.41, 550.51), (1044.92, 220.04), (1349.46, 148.77), (1349.46, 148.77), (1504.98, 239.48), (1504.98, 239.48), (1738.25, 168.21), (2062.24, 304.28), (2457.5, 738.42), (2489.9, 1425.28), (2438.06, 1781.66), (2438.06, 1781.66), (2373.26, 2014.93), (2373.26, 2014.93), (2327.91, 2300.04), (2256.63, 2526.84), (2075.2, 2805.46), (1634.57, 2863.78), (1634.57, 2863.78), (973.64, 2844.34), (507.1, 2293.56), (520.06, 2267.65)]"
/ssd_scratch/cvit/chocolite/OPMDData/Set5/,603217010344_1_bottom.jpg,4160,3120,Mouth1,"[(53.51, 1503.03), (332.14, 1049.45), (960.68, 706.03), (1420.74, 589.39), (1770.65, 783.78), (1777.13, 770.82), (2269.59, 667.15), (2535.26, 835.62), (3111.96, 1379.92), (3040.68, 2598.11), (2800.93, 3233.13), (2425.1, 3608.95), (2425.1, 3608.95), (1893.76, 4069.02), (1129.15, 4114.37), (1582.74, 3803.35), (1718.81, 3297.93), (1595.69, 3064.65), (1239.31, 2896.18), (746.85, 2960.98), (312.7, 3012.82), (66.47, 2999.86)]"
/ssd_scratch/cvit/chocolite/OPMDData/Set5/,603217010344_1_left.jpg,4160,3120,Mouth1,"[(286.79, 1781.66), (753.33, 809.7), (1226.35, 459.79), (1621.61, 556.99), (1971.52, 524.59), (2457.5, 550.51), (2677.81, 893.94), (2677.81, 893.94), (2697.25, 1444.72), (2697.25, 1444.72), (2723.17, 1839.98), (2800.93, 2436.12), (2917.56, 2773.07), (2775.01, 3168.33), (2438.06, 3369.2), (1841.93, 3388.64), (1206.91, 3284.97), (558.93, 3071.13), (209.03, 2675.87)]"
/ssd_scratch/cvit/chocolite/OPMDData/Set5/,603217010344_1_right.jpg,4160,3120,Mouth1,"[(403.42, 2462.04), (234.95, 2189.89), (234.95, 2189.89), (183.11, 1852.94), (481.18, 1308.64), (1057.88, 1399.36), (1485.54, 1412.32), (1939.12, 1412.32), (2366.79, 1334.56), (2366.79, 1328.08), (2859.25, 1626.15), (2962.92, 2176.93), (2891.65, 2643.47), (2794.45, 2773.07), (2483.42, 2630.51), (2204.79, 2669.39), (1997.44, 2909.14), (2055.76, 3284.97), (1835.45, 3388.64), (1038.44, 3122.97), (1038.44, 3122.97), (1206.91, 2973.94), (1219.87, 2578.67), (1213.39, 2578.67), (1012.52, 2423.16), (772.77, 2364.84), (766.29, 2364.84)]"
/ssd_scratch/cvit/chocolite/OPMDData/Set5/,603217010344_1_top.jpg,4160,3120,Mouth1,"[(494.14, 1204.97), (895.88, 1068.89), (1453.14, 1146.65), (2042.8, 1269.76), (2230.71, 1366.96), (2230.71, 1366.96), (2165.91, 1639.11), (2165.91, 1652.07), (2263.11, 2014.93), (2263.11, 2014.93), (2554.7, 1982.54), (2865.73, 1898.3), (3040.68, 2183.41), (3079.56, 2636.99), (2794.45, 2980.42), (2094.64, 3084.09), (947.72, 3174.81), (481.18, 2889.7), (157.19, 2163.97), (176.63, 2034.37), (176.63, 2034.37), (785.73, 1911.26), (850.52, 1690.95), (850.52, 1677.99), (766.29, 1444.72)]"
/ssd_scratch/cvit/chocolite/OPMDData/Set5/,611691429380_1_others.jpg,4160,3120,Mouth1,"[(649.65, 2144.53), (785.73, 1567.83), (1135.63, 1153.13), (1913.2, 1049.45), (2392.7, 1308.64), (3060.12, 1302.16), (3099.0, 1723.35), (3060.12, 2384.28), (2891.65, 3077.61), (2489.9, 3660.79), (1939.12, 3809.83), (1362.42, 3719.11), (857.0, 3097.05), (662.61, 2546.27)]"
/ssd_scratch/cvit/chocolite/OPMDData/Set5/,611691429380_1_others2.jpg,4160,3120,Mouth1,"[(610.77, 1775.18), (481.18, 1464.16), (273.83, 1094.81), (260.87, 1075.37), (92.39, 667.15), (202.55, 479.23), (209.03, 479.23), (669.09, 628.27), (1200.43, 829.14), (1770.65, 1347.52), (2217.75, 1820.54), (2619.5, 2274.12), (2619.5, 2274.12), (2677.81, 2611.07), (2677.81, 2611.07), (2276.07, 2980.42), (1997.44, 3297.93), (1997.44, 3297.93), (1621.61, 3595.99), (1621.61, 3595.99), (1116.19, 3673.75), (636.69, 3453.44), (422.86, 3110.01), (429.34, 3110.01), (338.62, 2786.03), (338.62, 2786.03), (533.02, 2209.33)]"
/ssd_scratch/cvit/chocolite/OPMDData/Set5/,611691429380_1_top.jpg,4160,3120,Mouth1,"[(338.62, 1872.38), (228.47, 1282.72), (228.47, 1282.72), (209.03, 790.26), (319.18, 453.31), (371.02, 297.8), (371.02, 297.8), (999.56, 168.21), (1006.04, 168.21), (1440.18, 226.52), (1440.18, 226.52), (1615.13, 401.48), (1971.52, 252.44), (2541.74, 446.84), (2541.74, 446.84), (2930.52, 783.78), (2930.52, 1276.24), (2794.45, 1794.62), (2502.86, 2410.2), (1958.56, 2274.12), (1699.37, 2345.4), (1543.86, 2649.95), (1394.82, 2630.51), (1394.82, 2630.51), (1459.62, 2397.24), (1336.5, 2060.29), (1323.55, 2053.81), (1064.36, 1924.22), (442.3, 2099.17)]"
/ssd_scratch/cvit/chocolite/OPMDData/Set5/,614328655352_1_left.jpg,4160,1920,Mouth1,"[(23.71, 1185.53), (23.71, 1185.53), (470.81, 706.03), (1008.63, 291.32), (1656.6, 38.61), (1656.6, 38.61), (1902.84, 38.61), (1902.84, 38.61), (1902.84, 3097.05), (1902.84, 3097.05), (1779.72, 3317.36), (1527.01, 3537.68), (898.47, 3485.84), (503.21, 3246.09), (23.71, 2753.63)]"
/ssd_scratch/cvit/chocolite/OPMDData/Set5/,614328655352_1_top.jpg,4160,1920,Mouth1,"[(43.15, 375.56), (289.38, 220.04), (749.44, 336.68), (1034.55, 213.56), (1565.89, 472.75), (1902.84, 712.5), (1876.92, 2189.89), (1876.92, 2189.89), (1656.6, 2300.04), (1488.13, 2267.65), (1287.26, 2248.21), (1105.83, 2462.04), (1079.91, 2578.67), (1079.91, 2578.67), (775.36, 2552.75), (483.77, 2578.67), (321.78, 2364.84), (36.67, 2267.65)]"
/ssd_scratch/cvit/chocolite/OPMDData/Set5/,614570318614_1_bottom.jpg,4160,1920,Mouth1,"[(179.22, 1593.75), (127.38, 855.06), (386.57, 291.32), (872.55, 155.25), (1215.98, 90.45), (1578.85, 129.33), (1876.92, 77.49), (1902.84, 2656.43), (1708.44, 2747.15), (1248.38, 2811.94), (723.52, 2721.23), (295.86, 2189.89)]"
/ssd_scratch/cvit/chocolite/OPMDData/Set5/,614570318614_1_left.jpg,4160,1920,Mouth1,"[(30.19, 453.31), (380.09, 116.37), (613.36, 25.65), (1397.41, 64.53), (1721.4, 349.64), (1909.31, 1166.09), (1909.31, 1166.09), (1656.6, 1101.29), (1656.6, 1101.29), (1527.01, 1192.01), (1501.09, 1438.24), (1591.81, 1697.43), (1760.28, 1852.94), (1909.31, 1969.58), (1760.28, 2455.56), (1565.89, 2643.47), (1021.59, 2734.19), (516.17, 2773.07), (23.71, 2591.63)]"
/ssd_scratch/cvit/chocolite/OPMDData/Set5/,627921583499_1_left.jpg,4160,1920,Mouth1,"[(30.19, 90.45), (94.98, 25.65), (1812.12, 38.61), (1812.12, 38.61), (1889.88, 375.56), (1902.84, 842.1), (1792.68, 822.66), (1792.68, 822.66), (1682.52, 906.9), (1656.6, 1256.8), (1773.24, 1490.07), (1909.31, 1567.83), (1863.96, 1878.86), (1863.96, 1878.86), (1760.28, 2183.41), (1552.93, 2410.2), (853.12, 2423.16), (853.12, 2423.16), (218.1, 2274.12), (218.1, 2274.12), (36.67, 2112.13)]"
/ssd_scratch/cvit/chocolite/OPMDData/Set5/,632026622183_1_left.jpg,4160,3120,Mouth1,"[(34.08, 1956.62), (455.26, 2280.6), (934.76, 2500.92), (1595.69, 2572.19), (2347.35, 2539.79), (2930.52, 2099.17), (2975.88, 1891.82), (2347.35, 1528.95), (2230.71, 1308.64), (2334.39, 958.74), (2593.58, 738.42), (2865.73, 777.3), (3008.28, 783.78), (3008.28, 783.78), (3092.52, 349.64), (2813.89, 96.93), (2749.09, 38.61), (14.64, 38.61), (14.64, 38.61)]"
/ssd_scratch/cvit/chocolite/OPMDData/Set5/,640147331459_1_right.jpg,4160,3120,Mouth1,"[(2314.95, 278.36), (2314.95, 278.36), (2723.17, 271.88), (3001.8, 615.31), (3099.0, 1101.29), (3008.28, 2559.23), (3008.28, 2559.23), (2593.58, 2792.5), (1932.64, 2915.62), (882.92, 2811.94), (345.1, 2727.71), (14.64, 2462.04), (14.64, 2462.04), (53.51, 207.08), (332.14, 220.04), (338.62, 220.04), (662.61, 291.32), (999.56, 576.43), (1757.69, 582.91), (1764.17, 582.91), (2029.84, 401.48)]"
/ssd_scratch/cvit/chocolite/OPMDData/Set5/,640147331459_1_top.jpg,4160,3120,Mouth1,"[(34.08, 680.11), (176.63, 1094.81), (176.63, 1094.81), (377.5, 1509.51), (792.21, 1587.27), (934.76, 1827.02), (1317.07, 2138.05), (1433.7, 1963.1), (1433.7, 1963.1), (1764.17, 1976.06), (2075.2, 2086.21), (2282.55, 2196.37), (2451.02, 1729.83), (2846.29, 1418.8), (3066.6, 770.82), (2988.84, 304.28), (2988.84, 304.28), (2528.78, 64.53), (2444.54, 45.09), (2444.54, 45.09), (27.6, 32.13)]"
/ssd_scratch/cvit/chocolite/OPMDData/Set5/,648277103112_1_top.jpg,4160,3120,Mouth1,"[(1.68, 1302.16), (8.16, 51.57), (2237.19, 64.53), (2515.82, 809.7), (2554.7, 1373.44), (2554.7, 1379.92), (2489.9, 1846.46), (2412.14, 1807.58), (2198.31, 1619.67), (2191.83, 1619.67), (2016.88, 1593.75), (1990.96, 1639.11), (1990.96, 1639.11), (2101.12, 1833.5), (2412.14, 2138.05), (2405.66, 2325.96), (2127.03, 2636.99), (1401.3, 2883.22), (934.76, 2870.26), (675.57, 2403.72), (312.7, 1898.3), (79.5, 1425.3)]"
/ssd_scratch/cvit/chocolite/OPMDData/Set5/,650914549599_1_bottom.jpg,4160,3120,Mouth1,"[(27.59, 1030.01), (766.29, 427.4), (1686.41, 667.15), (1686.41, 680.11), (2463.98, 537.55), (3047.16, 809.7), (3079.56, 3511.76), (3066.6, 3518.24), (2697.25, 4107.89), (280.31, 4094.93), (27.6, 3557.12)]"
/ssd_scratch/cvit/chocolite/OPMDData/Set5/,650914549599_1_left.jpg,4160,3120,Mouth1,"[(27.6, 45.09), (27.6, 3654.31), (623.73, 4088.46), (2256.63, 4133.81), (2256.63, 4133.81), (2716.69, 3732.07), (2775.01, 3155.37), (2463.98, 2313.0), (2463.98, 2293.56), (2366.79, 1768.7), (2541.74, 991.13), (2755.6, 608.8), (2846.3, 317.2), (2872.21, 71.01), (2872.21, 71.01)]"
/ssd_scratch/cvit/chocolite/OPMDData/Set5/,650914549599_1_others.jpg,4160,3120,Mouth1,"[(396.94, 2572.19), (487.66, 1839.98), (869.96, 1256.8), (1258.75, 1237.36), (1258.75, 1237.36), (1712.33, 1146.65), (2360.31, 1386.4), (2736.13, 2060.29), (2781.49, 2941.54), (2775.01, 3621.91), (2451.02, 4062.54), (831.08, 4127.33), (507.1, 3667.27), (390.46, 2883.22)]"
/ssd_scratch/cvit/chocolite/OPMDData/Set5/,650914549599_1_others2.jpg,4160,3120,Mouth1,"[(2295.51, 4081.98), (2645.41, 3077.61), (2943.48, 1950.14), (3099.0, 1315.12), (3073.08, 25.65), (3073.08, 25.65), (40.55, 58.05), (40.55, 58.05), (27.6, 4153.25)]"
/ssd_scratch/cvit/chocolite/OPMDData/Set5/,651775727529_1_bottom.jpg,3264,2448,Mouth1,"[(21.75, 2999.52), (159.02, 3223.22), (1826.61, 3233.39), (2116.41, 2714.81), (2360.45, 1830.17), (2360.45, 1830.17), (2426.54, 1235.33), (2431.62, 20.23), (21.75, 30.4), (21.75, 30.4)]"
/ssd_scratch/cvit/chocolite/OPMDData/Set5/,651775727529_1_others.jpg,3264,2448,Mouth1,"[(11.58, 2506.36), (11.58, 2506.36), (245.45, 2801.24), (769.12, 3121.54), (1791.02, 3141.87), (2213.01, 2669.05), (2213.01, 2669.05), (2436.71, 1997.95), (2421.45, 25.31), (21.75, 10.06), (21.75, 10.06)]"
/ssd_scratch/cvit/chocolite/OPMDData/Set5/,657247984127_1_bottom.jpg,4160,3120,Mouth1,"[(312.7, 1522.47), (520.06, 725.46), (1090.27, 129.33), (2139.99, 96.93), (2891.65, 459.79), (3086.04, 770.82), (2949.96, 2027.89), (2956.44, 2027.89), (2755.57, 2481.48), (2755.57, 2481.48), (2690.8, 2915.6), (2295.5, 3304.4), (1317.1, 3233.1), (474.7, 2662.91), (474.7, 2662.91), (345.1, 2189.89)]"
/ssd_scratch/cvit/chocolite/OPMDData/Set5/,657247984127_1_others2.jpg,4160,3120,Mouth1,"[(960.68, 1930.7), (1116.19, 1535.43), (1116.19, 1535.43), (1070.84, 1204.97), (986.6, 770.82), (1155.07, 686.59), (1323.55, 874.5), (1466.1, 777.3), (1790.09, 1036.49), (2386.22, 1600.23), (2554.7, 2215.81), (2554.7, 2241.73), (2386.22, 2798.98), (1738.25, 3239.61), (1103.23, 3233.13), (805.17, 3019.3), (792.21, 3012.82), (571.89, 2695.31), (591.33, 2377.8), (727.41, 2112.13)]"
/ssd_scratch/cvit/chocolite/OPMDData/Set5/,666889452012_1_bottom.jpg,4160,3120,Mouth1,"[(0.0, 755.55), (844.04, 349.64), (1705.85, 375.56), (2412.14, 297.8), (3060.12, 731.94), (3034.2, 3868.14), (2606.54, 4075.5), (597.81, 4030.14), (47.03, 3459.92), (0.0, 1008.26)]"
/ssd_scratch/cvit/chocolite/OPMDData/Set5/,666889452012_1_left.jpg,4160,3120,Mouth1,"[(27.59, 608.83), (27.59, 608.83), (643.17, 109.89), (1375.38, 64.53), (1854.9, 116.4), (2295.51, 297.8), (2295.51, 297.8), (2820.37, 1075.37), (2775.01, 1412.32), (2775.01, 1412.32), (2574.14, 1541.91), (2418.62, 1723.35), (2438.06, 1982.54), (2658.37, 2112.13), (2710.21, 2235.25), (2710.21, 2241.73), (2684.29, 2902.66), (2509.34, 3142.41), (2509.34, 3142.41), (1997.44, 3278.49), (1122.67, 3408.08), (47.03, 3019.3)]"
/ssd_scratch/cvit/chocolite/OPMDData/Set5/,666889452012_1_others.jpg,4160,3120,Mouth1,"[(14.64, 168.21), (118.31, 58.05), (3086.04, 38.61), (3086.04, 38.61), (3111.96, 3900.54), (2716.69, 4133.81), (2716.69, 4133.81), (40.55, 4101.41)]"
/ssd_scratch/cvit/chocolite/OPMDData/Set5/,673888755841_1_left.jpg,4160,3120,Mouth1,"[(442.3, 1626.15), (701.49, 556.99), (1394.82, 109.89), (1550.34, 12.69), (1550.34, 12.69), (2988.84, 25.65), (2988.84, 25.65), (3111.96, 226.52), (3111.96, 226.52), (2962.92, 1127.21), (2651.89, 1762.22), (2548.22, 2215.81), (2580.62, 2611.07), (2489.9, 2915.62), (1841.93, 3174.81), (1349.46, 3045.22), (701.49, 2708.27)]"
/ssd_scratch/cvit/chocolite/OPMDData/Set5/,677575295844_1_left.jpg,4160,1920,Mouth1,"[(23.71, 258.92), (425.45, 71.01), (1170.62, 71.01), (1682.52, 433.88), (1909.31, 874.5), (1896.36, 984.65), (1753.8, 971.69), (1611.25, 991.13), (1565.89, 1217.93), (1630.69, 1567.83), (1863.96, 1716.87), (1863.96, 1716.87), (1909.31, 1820.54), (1915.79, 1820.54), (1883.4, 2714.75), (1429.81, 3032.26), (859.6, 3246.09), (17.23, 3233.13)]"
/ssd_scratch/cvit/chocolite/OPMDData/Set5/,677575295844_1_others.jpg,4160,1920,Mouth1,"[(30.19, 2552.75), (503.21, 2986.9), (1190.06, 3135.93), (1857.48, 3019.3), (1889.88, 12.69), (23.71, 38.61)]"
/ssd_scratch/cvit/chocolite/OPMDData/Set5/,677575295844_1_top.jpg,4160,1920,Mouth1,"[(49.63, 395.0), (399.53, 304.28), (755.92, 297.8), (1520.53, 349.64), (1753.8, 829.14), (1902.84, 971.69), (1889.88, 1788.14), (1721.4, 1950.14), (1501.09, 1891.82), (1306.7, 1956.62), (1306.7, 1956.62), (1092.87, 2027.89), (788.32, 2157.49), (555.05, 2319.48), (256.98, 2358.36), (23.71, 2267.65)]"
/ssd_scratch/cvit/chocolite/OPMDData/Set5/,678693308198_1_left.jpg,4160,3120,Mouth1,"[(468.22, 323.72), (662.61, 148.77), (837.56, 122.85), (1044.92, 19.17), (3099.0, 32.13), (3086.04, 1716.87), (2554.7, 2131.57), (1997.44, 2462.04), (1459.62, 2546.27), (1355.94, 2546.27), (1355.94, 1308.64), (1219.87, 1172.57), (1096.75, 1120.73), (1006.04, 1373.44), (947.72, 1814.06), (960.68, 1814.06), (902.36, 2151.01), (785.73, 1930.7), (857.0, 1723.35), (675.57, 919.86)]"
/ssd_scratch/cvit/chocolite/OPMDData/Set5/,681397651901_1_bottom.jpg,3264,2448,Mouth1,"[(387.81, 1936.94), (504.74, 1235.33), (764.03, 818.43), (1155.51, 676.08), (1663.92, 686.25), (2055.4, 955.7), (2136.74, 1581.05), (2116.41, 2364.0), (1963.88, 2674.13), (1597.83, 3030.02), (1160.59, 3040.19), (1160.59, 3040.19), (652.18, 2938.51), (367.47, 2425.01)]"
/ssd_scratch/cvit/chocolite/OPMDData/Set5/,681397651901_1_left.jpg,3264,2448,Mouth1,"[(169.19, 1464.12), (169.19, 1464.12), (377.64, 813.35), (382.73, 803.18), (809.79, 304.94), (1557.16, 81.24), (2197.75, 376.12), (2268.93, 721.84), (2345.19, 1026.88), (2345.19, 1026.88), (2035.06, 1037.05), (1923.21, 1118.4), (1816.45, 1321.76), (1841.87, 1525.13), (2096.07, 1636.98), (2146.91, 1677.65), (1974.05, 2292.83), (1974.05, 2292.83), (1811.36, 2592.79), (1323.29, 2699.56), (692.86, 2597.87), (194.61, 2104.71)]"
/ssd_scratch/cvit/chocolite/OPMDData/Set5/,681397651901_1_others2.jpg,3264,2448,Mouth1,"[(753.87, 1281.09), (692.86, 1016.71), (540.33, 793.01), (540.33, 528.64), (728.45, 437.13), (1130.1, 518.5), (1333.5, 604.9), (1521.57, 833.69), (1770.69, 1636.98), (1770.69, 1636.98), (1699.51, 1992.86), (1470.73, 2348.75), (1079.25, 2480.94), (784.37, 2425.01), (601.34, 2297.91), (606.43, 2064.04), (606.43, 2064.04), (413.23, 2048.79), (367.47, 1977.61), (408.15, 1692.9), (570.84, 1423.44)]"
/ssd_scratch/cvit/chocolite/OPMDData/Set5/,681397651901_1_right.jpg,3264,2448,Mouth1,"[(418.31, 1692.9), (336.97, 1184.49), (336.97, 818.43), (443.73, 533.72), (855.55, 330.36), (1221.6, 457.46), (1577.49, 294.77), (1994.39, 477.8), (2213.01, 787.93), (2162.16, 1240.42), (2162.16, 1240.42), (2096.07, 1596.3), (1780.86, 2165.72), (1780.86, 2165.72), (1485.98, 2069.13), (1485.98, 2069.13), (1272.45, 2069.13), (1267.36, 2069.13), (962.31, 2104.71), (784.37, 2145.39), (514.91, 1962.36)]"
/ssd_scratch/cvit/chocolite/OPMDData/Set5/,684678850245_1_bottom.jpg,4160,3120,Mouth1,"[(40.55, 647.71), (286.79, 1405.84), (286.79, 1405.84), (520.06, 1859.42), (520.06, 1859.42), (1077.31, 2163.97), (1828.97, 2099.17), (1867.84, 2079.73), (2593.58, 1898.3), (2742.61, 1626.15), (2742.61, 1626.15), (2541.74, 1438.24), (2671.33, 952.26), (2878.69, 511.63), (2891.65, 479.23), (2807.41, 71.01), (53.51, 64.53)]"
/ssd_scratch/cvit/chocolite/OPMDData/Set5/,686464758834_1_left.jpg,4160,3120,Mouth1,"[(21.12, 271.88), (338.62, 51.57), (338.62, 51.57), (649.65, 90.45), (1083.79, 71.01), (1077.31, 71.01), (1725.29, 304.28), (1731.77, 304.28), (2256.63, 848.58), (2308.47, 1360.48), (2308.47, 1366.96), (2399.18, 1982.54), (2321.43, 2436.12), (2321.43, 2449.08), (2107.6, 2844.34), (1796.57, 3097.05), (1796.57, 3097.05), (1051.4, 3297.93), (1051.4, 3297.93), (416.38, 3135.93), (396.94, 3129.45), (40.55, 2766.59), (40.55, 2766.59), (8.16, 2578.67), (254.39, 2403.72), (254.39, 2397.24), (409.9, 2222.29), (390.46, 1846.46), (247.91, 1677.99), (27.6, 1632.63), (27.6, 1632.63)]"
/ssd_scratch/cvit/chocolite/OPMDData/Set5/,686464758834_1_right.jpg,4160,3120,Mouth1,"[(455.26, 1230.88), (455.26, 1230.88), (396.94, 1788.14), (494.14, 2358.36), (831.08, 2773.07), (1530.9, 2941.54), (2127.03, 2811.94), (2139.99, 2805.46), (2399.18, 2442.6), (2664.85, 1852.94), (2852.77, 1263.28), (2651.89, 1017.05), (2651.89, 1017.05), (2749.09, 647.71), (2360.31, 615.31), (2191.83, 453.31), (2191.83, 453.31), (2159.43, 356.12), (1738.25, 207.08), (1738.25, 207.08), (1407.78, 174.69), (1174.51, 401.48), (1174.51, 401.48), (1206.91, 615.31), (1206.91, 615.31), (1090.27, 816.18), (1090.27, 816.18), (805.17, 880.98), (805.17, 880.98), (954.2, 1075.37), (908.84, 1256.8), (656.13, 1308.64)]"
/ssd_scratch/cvit/chocolite/OPMDData/Set5/,704807784556_1_bottom.jpg,1032,774,Mouth1,"[(140.18, 350.44), (140.18, 350.44), (193.23, 524.05), (299.32, 617.28), (427.92, 659.08), (525.98, 673.54), (633.68, 686.4), (701.19, 646.22), (701.19, 646.22), (697.98, 589.95), (752.63, 506.37), (752.63, 506.37), (771.92, 482.25), (768.71, 191.3), (672.26, 98.07), (546.87, 67.52), (344.33, 99.67), (207.7, 180.05), (206.09, 180.05)]"
/ssd_scratch/cvit/chocolite/OPMDData/Set5/,704807784556_1_left.jpg,1032,774,Mouth1,"[(34.1, 578.7), (38.91, 450.1), (161.08, 289.36), (381.3, 208.98), (585.45, 245.95), (697.98, 323.11), (680.29, 485.47), (620.82, 541.73), (517.94, 689.62), (325.04, 810.18), (161.08, 816.61), (106.4, 763.6), (51.8, 662.3)]"
/ssd_scratch/cvit/chocolite/OPMDData/Set5/,709482037060_1_bottom.jpg,4160,3120,Mouth1,"[(8.16, 1671.51), (215.51, 2390.76), (662.61, 2831.38), (1375.38, 2863.78), (2042.8, 2805.46), (2049.28, 2805.46), (2515.82, 2176.93), (2768.53, 1671.51), (2768.53, 1671.51), (2937.0, 952.26), (2846.29, 284.84), (2723.17, 38.61), (2723.17, 38.61), (286.79, 83.97), (286.79, 83.97), (79.43, 842.1), (79.43, 842.1)]"
/ssd_scratch/cvit/chocolite/OPMDData/Set5/,709482037060_1_left.jpg,4160,3120,Mouth1,"[(656.13, 1528.95), (461.74, 1062.41), (461.74, 1062.41), (422.86, 628.27), (740.37, 181.17), (954.2, 58.05), (2399.18, 32.13), (2852.77, 433.88), (3001.8, 738.42), (3001.8, 738.42), (3014.76, 822.66), (2120.55, 822.66), (2120.55, 822.66), (1926.16, 861.54), (1926.16, 861.54), (1822.49, 1127.21), (1828.97, 1561.35), (2800.93, 1788.14), (2800.93, 1788.14), (2755.57, 2163.97), (2574.14, 2377.8), (2379.74, 2701.79), (2379.74, 2701.79), (2049.28, 2863.78), (1265.23, 2766.59), (882.92, 2487.96), (714.45, 2073.25)]"
/ssd_scratch/cvit/chocolite/OPMDData/Set5/,709482037060_1_others.jpg,4160,3120,Mouth1,"[(163.67, 1541.91), (312.7, 783.78), (785.73, 369.08), (1232.83, 174.69), (1556.82, 356.12), (2068.72, 194.12), (2723.17, 744.9), (2988.84, 1172.57), (3040.68, 1522.47), (3047.16, 1541.91), (2826.85, 2215.81), (2826.85, 2222.29), (2548.22, 2792.5), (2191.83, 3226.65), (2191.83, 3226.65), (1641.05, 3246.09), (993.08, 3155.37), (993.08, 3155.37), (675.57, 2889.7), (260.87, 2222.29), (260.87, 2222.29)]"
/ssd_scratch/cvit/chocolite/OPMDData/Set5/,709482037060_1_top.jpg,4160,3120,Mouth1,"[(98.87, 945.78), (461.74, 440.36), (1044.92, 297.8), (1051.4, 304.28), (1453.14, 531.07), (1990.96, 401.48), (2632.45, 531.07), (3079.56, 971.69), (3079.56, 971.69), (3040.68, 1677.99), (3040.68, 1677.99), (2690.77, 2215.81), (2230.71, 2034.37), (1867.84, 2086.21), (1738.25, 2319.48), (1867.84, 2559.23), (1926.16, 2682.35), (1381.86, 2675.87), (1381.86, 2675.87), (1342.98, 2345.4), (1057.88, 2196.37), (416.38, 2170.45)]"
/ssd_scratch/cvit/chocolite/OPMDData/Set5/,730884612136_1_left.jpg,3264,2448,Mouth1,"[(42.09, 345.61), (306.46, 35.48), (2197.75, 20.23), (2289.27, 518.47), (2294.35, 518.47), (2431.62, 1006.55), (2431.62, 1265.84), (2258.76, 1179.41), (2258.76, 1179.41), (2141.83, 1169.24), (2070.65, 1270.92), (2055.4, 1459.03), (2116.41, 1570.88), (2426.54, 1764.08), (2426.54, 2836.83), (2162.16, 3116.45), (1836.78, 3207.97), (1836.78, 3207.97), (1241.94, 3141.87), (850.46, 3004.6), (21.75, 2358.92)]"
/ssd_scratch/cvit/chocolite/OPMDData/Set5/,734175023658_1_others.jpg,4160,1920,Mouth1,"[(43.15, 375.56), (470.81, 71.01), (1190.06, 64.53), (1896.36, 453.31), (1909.31, 2338.92), (1909.31, 2338.92), (1475.17, 2649.95), (801.28, 2734.19), (781.84, 2734.19), (354.17, 2688.83), (43.15, 2338.92)]"
/ssd_scratch/cvit/chocolite/OPMDData/Set5/,757361381326_1_right.jpg,4160,3120,Mouth1,"[(27.59, 1068.89), (27.59, 1068.89), (377.5, 1982.54), (623.73, 2714.75), (993.08, 3252.57), (1323.55, 3382.16), (1867.84, 3310.88), (2392.7, 3187.77), (2690.77, 2500.92), (1070.84, 1360.48), (1070.84, 1360.48), (993.08, 1230.88), (993.08, 1230.88), (1239.31, 1204.97), (1608.65, 1360.48), (2438.06, 1878.86), (2438.06, 1878.86), (2567.66, 1587.27), (2736.13, 1444.72), (2982.36, 1457.68), (3105.48, 563.47), (3111.96, 25.65), (27.6, 12.69)]"
/ssd_scratch/cvit/chocolite/OPMDData/Set5/,762458450686_1_bottom.jpg,1439,2136,Mouth1,"[(44.87, 367.64), (195.04, 192.8), (589.54, 91.94), (907.82, 136.77), (1261.97, 170.39), (1638.53, 134.53), (1954.57, 304.88), (1959.05, 304.88), (2100.26, 488.67), (2106.99, 703.85), (1992.67, 943.68), (1920.95, 1080.41), (1683.36, 1037.82), (1528.7, 1143.17), (1504.04, 1230.59), (1504.04, 1230.59), (1486.11, 1331.45), (1486.11, 1331.45), (1378.52, 1304.55), (1371.8, 1304.55), (1221.62, 1304.55), (1051.27, 1427.83), (529.02, 1405.42), (224.18, 1192.48), (15.7, 885.4)]"
/ssd_scratch/cvit/chocolite/OPMDData/Set5/,762458450686_1_left.jpg,2730,1870,Mouth1,"[(31.52, 2496.18), (669.37, 2700.29), (1319.98, 2636.5), (1532.6, 2398.37), (1587.88, 2087.95), (1532.6, 1722.25), (1715.45, 1148.19), (1847.27, 829.26), (1847.27, 825.01), (1817.5, 489.07), (1817.5, 484.82), (1524.09, 297.72), (1515.59, 297.72), (1069.09, 153.14), (728.91, 25.57), (728.91, 21.32), (286.66, 34.07), (18.77, 127.63)]"
/ssd_scratch/cvit/chocolite/OPMDData/Set5/,762458450686_1_others2(1).jpg,1647,1826,Mouth1,"[(691.01, 15.28), (744.88, 251.29), (901.37, 320.56), (819.28, 443.7), (765.4, 497.57), (531.95, 571.97), (257.45, 684.85), (62.48, 825.95), (31.69, 969.61), (124.05, 1120.97), (126.61, 1120.97), (198.45, 1277.46), (306.19, 1516.05), (498.6, 1623.79), (1191.26, 1585.31), (1650.47, 1454.48), (1809.53, 1203.07), (1804.4, 605.32), (1301.58, 94.8), (1181.0, 12.71)]"
/ssd_scratch/cvit/chocolite/OPMDData/Set5/,762458450686_1_right.jpg,2460,2125,Mouth1,"[(286.37, 199.39), (286.37, 199.39), (252.27, 666.87), (233.11, 1057.71), (10.49, 1314.44), (76.01, 1981.17), (76.01, 1981.17), (394.05, 2287.71), (804.05, 2448.65), (804.05, 2448.65), (1616.38, 2448.65), (2117.96, 2107.62), (2125.0, 1033.3), (2125.0, 349.18), (1884.22, 161.08), (1876.94, 161.08), (1397.59, 76.78), (1397.59, 76.78), (1229.37, 46.12), (1229.37, 46.12), (995.64, 141.92), (995.64, 141.92), (704.42, 46.12), (696.37, 46.12), (435.81, 53.79)]"
/ssd_scratch/cvit/chocolite/OPMDData/Set5/,762458450686_1_top.jpg,1605,1959,Mouth1,"[(240.75, 357.5), (123.25, 550.0), (123.25, 550.0), (145.75, 792.5), (513.25, 902.5), (980.75, 985.0), (1450.75, 975.0), (1450.75, 975.0), (1898.25, 862.5), (1945.75, 435.0), (1780.75, 382.5), (1678.25, 307.5), (1675.75, 170.0), (1720.75, 90.0), (1458.25, 37.5), (1278.25, 47.5), (975.75, 30.0), (708.25, 50.0), (730.75, 222.5), (730.75, 222.5), (688.25, 357.5), (583.25, 397.5), (583.25, 397.5), (425.75, 370.0)]"
/ssd_scratch/cvit/chocolite/OPMDData/Set5/,769011774657_1_left.jpg,4160,3120,Mouth1,"[(500.62, 1930.7), (682.05, 880.98), (1187.47, 362.6), (1744.73, 187.64), (2204.79, 427.4), (2392.7, 796.74), (2457.5, 1230.88), (2535.26, 1490.07), (2204.79, 1464.16), (2204.79, 1464.16), (2101.12, 1567.83), (2094.64, 1872.38), (2159.43, 2060.29), (2431.58, 2170.45), (2625.98, 2267.65), (2625.98, 2267.65), (2489.9, 2423.16), (2489.9, 2423.16), (2509.34, 2559.23), (2392.7, 2896.18), (2392.7, 2896.18), (2120.55, 3155.37), (2107.6, 3155.37), (1427.22, 3032.26), (1427.22, 3032.26), (597.81, 2481.48)]"
/ssd_scratch/cvit/chocolite/OPMDData/Set5/,782890141905_1_left.jpeg,1600,1200,Mouth1,"[(177.48, 834.92), (269.69, 548.32), (501.46, 206.88), (710.81, 69.81), (855.36, 24.95), (1092.12, 54.86), (1196.79, 333.99), (1171.87, 1129.0), (1087.13, 1261.09), (940.09, 1328.38), (778.1, 1358.29), (778.1, 1358.29), (516.42, 1355.79), (267.2, 1191.31), (267.2, 1191.31), (160.03, 1046.76)]"
/ssd_scratch/cvit/chocolite/OPMDData/Set5/,786566069386_1_bottom.jpg,1670,1812,Mouth1,"[(0.0, 613.1), (231.08, 143.16), (231.08, 143.16), (459.99, 18.3), (459.99, 18.3), (1193.54, 15.7), (1487.48, 184.78), (1661.76, 452.71), (1807.43, 1053.59), (1804.83, 1568.64), (1734.6, 1651.88), (1734.6, 1651.88), (2.17, 1659.68), (0.0, 787.51)]"
/ssd_scratch/cvit/chocolite/OPMDData/Set5/,786566069386_1_left.jpg,2148,1493,Mouth1,"[(18.83, 87.08), (22.18, 2117.98), (1136.33, 2134.71), (1306.96, 2071.14), (1306.96, 2071.14), (1424.06, 1823.55), (1450.83, 1415.37), (1487.63, 167.38), (1363.84, 36.9), (1363.84, 36.9), (169.39, 20.17), (82.4, 60.3)]"
/ssd_scratch/cvit/chocolite/OPMDData/Set5/,786566069386_1_others.jpg,2592,2069,Mouth1,"[(35.12, 1061.83), (200.65, 549.08), (495.38, 96.89), (866.82, 52.48), (1492.62, 104.97), (2049.78, 153.42), (2061.89, 2567.77), (596.32, 2547.59), (208.73, 2313.42), (43.2, 1889.49)]"
/ssd_scratch/cvit/chocolite/OPMDData/Set5/,786566069386_1_others2.jpg,2304,1812,Mouth1,"[(28.39, 118.47), (390.86, 64.64), (914.82, 297.91), (914.82, 297.91), (1363.42, 667.55), (1711.53, 1040.79), (1808.43, 1345.83), (1707.94, 1747.78), (1593.1, 2020.53), (1593.1, 2020.53), (1309.59, 2174.84), (1076.32, 2278.92), (383.68, 2293.27), (383.68, 2293.27), (28.39, 2203.55)]"
/ssd_scratch/cvit/chocolite/OPMDData/Set5/,794900887726_1_bottom.jpeg,1032,774,Mouth1,"[(180.37, 543.34), (175.55, 364.91), (310.58, 139.86), (427.92, 77.17), (554.91, 80.38), (694.76, 151.11), (710.84, 241.13), (710.84, 241.13), (718.87, 384.2), (701.19, 524.05), (701.19, 524.05), (683.51, 614.07), (683.51, 614.07), (667.44, 728.2), (667.44, 728.2), (630.46, 821.43), (630.46, 821.43), (558.13, 898.59), (558.13, 898.59), (489.01, 948.42), (489.01, 948.42), (363.62, 917.88), (276.82, 837.51), (276.82, 837.51), (263.96, 734.63), (262.35, 733.02), (199.66, 625.32)]"
/ssd_scratch/cvit/chocolite/OPMDData/Set5/,794900887726_1_others2.jpeg,1032,774,Mouth1,"[(140.18, 525.66), (198.05, 305.43), (304.15, 141.47), (466.5, 86.81), (588.67, 144.68), (598.31, 247.56), (598.31, 247.56), (564.56, 549.77), (620.82, 646.22), (620.82, 646.22), (646.54, 757.13), (646.54, 760.35), (624.03, 839.11), (624.03, 839.11), (583.85, 901.81), (583.85, 901.81), (489.01, 921.09), (398.99, 895.38), (323.44, 901.81), (225.38, 797.32), (162.69, 604.42)]"
/ssd_scratch/cvit/chocolite/OPMDData/Set5/,795585653749_1_left.jpg,4160,3120,Mouth1,"[(53.51, 1587.27), (500.62, 1204.97), (1012.52, 1140.17), (1712.33, 997.61), (2463.98, 978.17), (3086.04, 1276.24), (3086.04, 1276.24), (3111.96, 1703.91), (3111.96, 1703.91), (2956.44, 1626.15), (2716.69, 1723.35), (2638.93, 1911.26), (2697.25, 2241.73), (2852.77, 2397.24), (3105.48, 2578.67), (3105.48, 2578.67), (3086.04, 2811.94), (2937.0, 3259.05), (2930.52, 3259.05), (2677.81, 3485.84), (2094.64, 3660.79), (1245.79, 3583.03), (442.3, 3077.61), (442.3, 3064.65), (34.07, 2837.86)]"
/ssd_scratch/cvit/chocolite/OPMDData/Set5/,795585653749_1_top.jpg,4160,3120,Mouth1,"[(844.04, 1885.34), (746.85, 1483.6), (850.52, 1172.57), (1122.67, 932.82), (1576.26, 816.18), (1971.52, 887.46), (1971.52, 887.46), (2340.87, 757.86), (2807.41, 1101.29), (2826.85, 1639.11), (2690.77, 1917.74), (2690.77, 1917.74), (2515.82, 1956.62), (2360.31, 2163.97), (2360.31, 2163.97), (2360.31, 2338.92), (2172.39, 2416.68), (2159.43, 2416.68), (1926.16, 2325.96), (1926.16, 2325.96), (1738.25, 2403.72), (1602.17, 2533.31), (1226.35, 2455.56), (1226.35, 2455.56), (960.68, 2235.25), (960.68, 2235.25), (934.76, 2086.21)]"
/ssd_scratch/cvit/chocolite/OPMDData/Set5/,807155538019_1_left.jpg,1032,774,Mouth1,"[(19.62, 480.65), (75.88, 282.93), (178.76, 81.99), (181.98, 80.38), (307.36, 12.87), (308.97, 12.87), (717.27, 11.26), (760.67, 43.41), (760.67, 43.41), (763.88, 562.63), (741.38, 683.19), (712.44, 792.5), (609.57, 845.54), (418.28, 868.05), (418.28, 868.05), (223.77, 815.0), (26.05, 626.93)]"
/ssd_scratch/cvit/chocolite/OPMDData/Set5/,807155538019_1_others.jpg,1032,774,Mouth1,"[(6.76, 448.5), (96.78, 241.13), (225.38, 143.08), (418.28, 73.95), (583.85, 93.24), (733.34, 147.9), (734.95, 149.51), (773.53, 236.31), (771.92, 757.13), (667.44, 869.66), (567.77, 924.31), (410.24, 956.46), (220.56, 911.45), (8.37, 733.02), (8.37, 733.02)]"
/ssd_scratch/cvit/chocolite/OPMDData/Set5/,810472323529_1_right.jpg,4160,3120,Mouth1,"[(409.9, 2319.48), (461.74, 1626.15), (766.29, 1010.57), (1368.9, 569.95), (2107.6, 712.5), (2561.18, 1075.37), (2762.05, 1716.87), (2762.05, 1723.35), (2781.49, 2325.96), (2781.49, 2325.96), (2651.89, 2863.78), (2651.89, 2863.78), (2489.9, 3278.49), (2230.71, 3595.99), (2230.71, 3595.99), (1796.57, 3790.39), (1796.57, 3790.39), (1135.63, 3790.39), (649.65, 3654.31), (649.65, 3654.31), (396.94, 2863.78)]"
/ssd_scratch/cvit/chocolite/OPMDData/Set5/,820214409586_1_left.jpg,4160,3120,Mouth1,"[(844.04, 2086.21), (675.57, 1366.96), (636.69, 738.42), (941.24, 712.5), (1129.15, 563.47), (1019.0, 148.77), (1012.52, 142.29), (915.32, 32.13), (1206.91, 19.17), (1206.91, 19.17), (1738.25, 582.91), (2528.78, 1444.72), (2891.65, 2241.73), (2483.42, 2786.03), (1770.65, 3019.3), (1297.63, 3168.33), (863.48, 3110.01), (863.48, 3110.01), (675.57, 2740.67), (759.81, 2254.69)]"
/ssd_scratch/cvit/chocolite/OPMDData/Set5/,850137641424_1_left.jpg,4160,3120,Mouth1,"[(21.12, 1904.78), (617.25, 1302.16), (1284.67, 893.94), (2010.4, 945.78), (2204.79, 1315.12), (2405.66, 2001.98), (2185.35, 1898.3), (2185.35, 1898.3), (1997.44, 1924.22), (1867.84, 1937.18), (1816.01, 2118.61), (1816.01, 2118.61), (1932.64, 2358.36), (1978.0, 2604.59), (2211.27, 2960.98), (2211.27, 2967.46), (2340.87, 3252.57), (2340.87, 3252.57), (2282.55, 3492.32), (2282.55, 3492.32), (2101.12, 3641.35), (1420.74, 3712.63), (1019.0, 3745.03), (442.3, 3472.88), (442.3, 3472.88), (27.6, 3213.69)]"
/ssd_scratch/cvit/chocolite/OPMDData/Set5/,850137641424_1_others.jpg,4160,3120,Mouth1,"[(21.12, 1042.97), (260.87, 764.34), (701.49, 459.79), (1569.78, 608.83), (2554.7, 1101.29), (2975.88, 1827.02), (2975.88, 1827.02), (3053.64, 2163.97), (3053.64, 2170.45), (3079.56, 3505.28), (2826.85, 4081.98), (21.12, 4127.33), (21.12, 4127.33)]"
/ssd_scratch/cvit/chocolite/OPMDData/Set5/,865375881611_1_left.jpg,3264,2448,Mouth1,"[(21.75, 1779.33), (255.62, 2292.83), (372.56, 2918.17), (591.17, 3223.22), (2441.79, 3233.39), (2426.54, 20.23), (21.75, 25.31), (21.75, 25.31), (21.75, 1067.56), (21.75, 1067.56), (118.4, 879.4), (230.2, 869.3), (352.2, 940.5), (392.9, 1032.0), (387.81, 1194.66), (184.45, 1494.62)]"
/ssd_scratch/cvit/chocolite/OPMDData/Set5/,867452607128_1_left.jpg,4160,3120,Mouth1,"[(124.79, 2189.89), (494.14, 1295.68), (1226.35, 628.27), (2114.07, 343.16), (2975.88, 479.23), (3014.76, 783.78), (2904.6, 1230.88), (2859.25, 1703.91), (2859.25, 1703.91), (2496.38, 1801.1), (2263.11, 1898.3), (2204.79, 2112.13), (2308.47, 2300.04), (2489.9, 2371.32), (2651.89, 2481.48), (2515.82, 2708.27), (2515.82, 2708.27), (2489.9, 2915.62), (2489.9, 2915.62), (2457.5, 3174.81), (2457.5, 3174.81), (2327.91, 3485.84), (2094.64, 3634.87), (1446.66, 3595.99), (1012.52, 3421.04), (228.47, 2818.42)]"
/ssd_scratch/cvit/chocolite/OPMDData/Set5/,867452607128_1_others2.jpg,4160,3120,Mouth1,"[(98.87, 492.19), (27.6, 271.88), (8.16, 19.17), (8.16, 19.17), (2567.66, 45.09), (2567.66, 45.09), (3066.6, 401.48), (3066.6, 401.48), (3086.04, 3233.13), (3086.04, 3233.13), (2775.01, 3375.68), (2749.09, 3693.19), (2360.31, 3719.11), (1420.74, 3505.28), (811.65, 3213.69), (623.73, 2928.58), (630.21, 2248.21), (604.29, 2170.45), (131.27, 2118.61), (131.27, 2118.61), (27.6, 2040.85), (27.6, 1736.31), (27.6, 1736.31), (176.63, 1515.99), (507.1, 1431.76), (630.21, 1379.92), (545.98, 1114.25), (416.38, 751.38)]"
/ssd_scratch/cvit/chocolite/OPMDData/Set5/,869685178731_1_bottom.jpg,4160,3120,Mouth1,"[(2055.76, 4101.41), (2807.41, 3498.8), (2807.41, 3498.8), (3099.0, 2889.7), (3086.04, 19.17), (27.6, 25.65), (27.6, 25.65), (34.07, 4133.81)]"
/ssd_scratch/cvit/chocolite/OPMDData/Set5/,869685178731_1_left.jpg,4160,3120,Mouth1,"[(53.51, 1198.49), (526.54, 770.82), (1388.34, 641.23), (2224.23, 453.31), (2800.93, 945.78), (3099.0, 1334.56), (2619.5, 1541.91), (2619.5, 1541.91), (2314.95, 1801.1), (2198.31, 2040.85), (2243.67, 2293.56), (2438.06, 2423.16), (2787.97, 2410.2), (3027.72, 2397.24), (2697.25, 2811.94), (2334.39, 3246.09), (1952.08, 3583.03), (1155.07, 3693.19), (623.73, 3459.92), (98.9, 3291.4), (47.0, 3006.4)]"
/ssd_scratch/cvit/chocolite/OPMDData/Set5/,876639960186_1_bottom.jpg,4160,3120,Mouth1,"[(260.87, 1729.83), (332.14, 997.61), (351.58, 978.17), (669.09, 375.56), (1193.95, 109.89), (1193.95, 109.89), (1848.41, 148.77), (2463.98, 407.96), (2716.69, 952.26), (2600.06, 1742.79), (2541.74, 2416.68), (2301.99, 2773.07), (1757.69, 2870.26), (1174.51, 2857.3), (617.25, 2766.59), (273.83, 2222.29)]"
/ssd_scratch/cvit/chocolite/OPMDData/Set5/,876639960186_1_left.jpg,4160,3120,Mouth1,"[(312.7, 1956.62), (468.22, 1360.48), (908.84, 868.02), (1569.78, 706.03), (2230.71, 835.62), (2334.39, 1347.52), (2334.39, 1347.52), (2295.51, 1930.7), (2230.71, 2397.24), (2224.23, 2403.72), (2055.76, 2734.19), (1517.94, 2831.38), (876.44, 2760.11), (377.5, 2397.24)]"
/ssd_scratch/cvit/chocolite/OPMDData/Set5/,880073233581_1_left.jpg,4160,3120,Mouth1,"[(53.51, 556.99), (513.58, 135.81), (513.58, 129.33), (863.48, 19.17), (2282.55, 58.05), (2749.09, 498.67), (2502.86, 602.35), (2178.87, 634.75), (2107.6, 790.26), (2133.51, 1062.41), (2340.87, 1230.88), (2593.58, 1237.36), (2593.58, 1237.36), (2425.1, 1541.91), (2412.14, 1548.39), (1958.56, 2196.37), (1751.21, 2526.84), (1751.21, 2526.84), (973.64, 2526.84), (416.38, 2293.56), (416.38, 2293.56), (34.07, 2034.37)]"
/ssd_scratch/cvit/chocolite/OPMDData/Set5/,895890183280_1_bottom.jpg,4160,3120,Mouth1,"[(610.77, 2500.92), (610.77, 2500.92), (928.28, 1814.06), (1744.73, 1192.01), (2276.07, 880.98), (2412.14, 829.14), (2451.02, 1101.29), (2276.07, 1250.32), (1751.21, 1548.39), (1628.09, 1677.99), (1595.69, 1930.7), (1790.09, 2092.69), (2120.55, 2475.0), (2263.11, 2889.7), (2159.43, 3071.13), (1958.56, 3200.73), (1958.56, 3200.73), (1880.8, 3388.64), (1880.8, 3388.64), (1634.57, 3472.88), (1634.57, 3472.88), (1168.03, 3388.64), (1168.03, 3388.64), (688.53, 3084.09)]"
/ssd_scratch/cvit/chocolite/OPMDData/Set5/,895890183280_1_left.jpg,4160,3120,Mouth1,"[(584.85, 1580.79), (558.93, 2189.89), (779.25, 2786.03), (1304.11, 2993.38), (1738.25, 3051.69), (2023.36, 2960.98), (2114.07, 2688.83), (2204.79, 2429.64), (2308.47, 2274.12), (2237.19, 2215.81), (2101.12, 2040.85), (2101.12, 2040.85), (2107.6, 1839.98), (2114.07, 1839.98), (2211.27, 1762.22), (2399.18, 1794.62), (2515.82, 1360.48), (2580.62, 1153.13), (2548.22, 822.66), (2185.35, 783.78), (1634.57, 790.26), (1129.15, 939.3), (720.9, 1451.2)]"
/ssd_scratch/cvit/chocolite/OPMDData/Set5/,903649447051_1_bottom.jpg,1032,774,Mouth1,"[(66.24, 548.16), (59.81, 397.06), (83.92, 184.87), (119.29, 86.81), (239.85, 9.66), (648.15, 17.69), (771.92, 123.79), (771.92, 123.79), (746.2, 348.83), (717.27, 472.61), (669.04, 638.18), (604.74, 752.31), (572.59, 823.04), (479.36, 924.31), (350.76, 967.71), (231.81, 941.99), (133.75, 900.2), (133.75, 900.2), (64.63, 803.75), (64.63, 803.75), (43.73, 668.72), (64.63, 607.64)]"
/ssd_scratch/cvit/chocolite/OPMDData/Set5/,903649447051_1_top.jpg,1032,774,Mouth1,"[(27.66, 332.76), (120.89, 117.36), (124.11, 115.75), (259.14, 35.38), (421.49, 40.2), (625.64, 110.93), (675.47, 199.34), (640.11, 319.9), (556.52, 454.93), (556.52, 454.93), (495.44, 589.95), (424.71, 691.23), (379.7, 678.37), (334.69, 696.05), (296.11, 737.84), (276.82, 755.52), (180.37, 723.38), (59.81, 663.9), (11.58, 559.41)]"
/ssd_scratch/cvit/chocolite/OPMDData/Set5/,914189941833_1_left.jpg,4160,3120,Mouth1,"[(47.03, 1477.12), (40.55, 3122.97), (876.44, 3408.08), (876.44, 3408.08), (1686.41, 3544.16), (1686.41, 3544.16), (2237.19, 3395.12), (2457.5, 3012.82), (2515.82, 2604.59), (2515.82, 2598.11), (2587.1, 2086.21), (2749.09, 1490.07), (2451.02, 1412.32), (2256.63, 1237.36), (2282.55, 932.82), (2463.98, 731.94), (2710.21, 505.15), (2211.27, 38.61), (941.24, 25.65), (306.22, 835.62), (137.8, 1179.0)]"
/ssd_scratch/cvit/chocolite/OPMDData/Set5/,914189941833_1_others.jpg,4160,3120,Mouth1,"[(189.59, 2313.0), (183.11, 1490.07), (474.7, 764.34), (837.56, 187.64), (1064.36, 77.49), (1874.32, 77.49), (2289.03, 453.31), (2289.03, 453.31), (2671.33, 1049.45), (2930.52, 2066.77), (2930.52, 2811.94), (2775.01, 3472.88), (2541.74, 4127.33), (882.92, 4140.29), (306.22, 3084.09)]"
/ssd_scratch/cvit/chocolite/OPMDData/Set5/,915777646813_1_bottom.jpg,4160,3120,Mouth1,"[(53.51, 3557.12), (520.06, 4120.85), (2502.86, 4140.29), (3092.52, 3246.09), (3092.52, 38.61), (21.12, 38.61), (21.12, 38.61)]"
/ssd_scratch/cvit/chocolite/OPMDData/Set5/,915777646813_1_left.jpg,4160,3120,Mouth1,"[(66.47, 1269.76), (202.55, 608.83), (442.3, 58.05), (2794.45, 25.65), (3099.0, 271.88), (3105.48, 4133.81), (338.62, 4133.81), (371.02, 3421.04), (157.2, 2650.0), (766.3, 2274.1), (928.3, 1898.3), (857.0, 1645.59), (857.0, 1645.59), (623.73, 1457.68), (79.43, 1373.44)]"
/ssd_scratch/cvit/chocolite/OPMDData/Set5/,918939378185_1_left.jpg,1080,540,Mouth1,"[(3.33, 447.44), (110.99, 311.18), (238.84, 188.37), (391.92, 116.04), (536.6, 97.53), (538.28, 1076.6), (148.0, 1066.5), (52.11, 908.37), (3.33, 824.26)]"
/ssd_scratch/cvit/chocolite/OPMDData/Set5/,919597887683_1_bottom.jpg,4160,3120,Mouth1,"[(40.55, 2280.6), (442.3, 2954.5), (1025.48, 3284.97), (1835.45, 3148.89), (2327.91, 2935.06), (2489.9, 2436.12), (2489.9, 2436.12), (2541.74, 1788.14), (2671.33, 680.11), (2729.65, 116.37), (2580.62, 32.13), (364.54, 25.65), (14.64, 369.08)]"
/ssd_scratch/cvit/chocolite/OPMDData/Set5/,919597887683_1_others.jpg,4160,3120,Mouth1,"[(27.59, 375.56), (396.94, 38.61), (2269.59, 64.53), (2625.98, 395.0), (2833.33, 1010.57), (2956.44, 1852.94), (2846.29, 2766.59), (2600.06, 3382.16), (2120.55, 3608.95), (1168.03, 3615.43), (623.73, 3369.2), (124.79, 2863.78), (27.6, 2215.81)]"
